Time/min,Time/h,B2,B3,B4,B5,C2,C3,C4,C5,C6,C7,C8,C9,C10,C11,D2,D3,D4,D5,D6,D7,D8,D9,D10,D11,,,,,,,,,,,,,,,,,,,,,,,,,,,,,,,,,,,,,,,,,,,,,,
10,1.666666667,0.132,0.133,0.127,0.131,0.144,0.133,0.13,0.131,0.136,0.124,0.139,0.13,0.129,0.129,0.128,0.123,0.122,0.116,0.124,0.128,0.124,0.132,0.131,0.134,,,,,,,,,,,,,,,,,,,,,,,,,,,,,,,,,,,,,,,,,,,,,,
20,3.333333333,0.134,0.136,0.131,0.132,0.144,0.139,0.131,0.133,0.133,0.132,0.138,0.131,0.131,0.132,0.129,0.123,0.124,0.116,0.125,0.127,0.126,0.131,0.131,0.136,,,,,,,,,,,,,,,,,,,,,,,,,,,,,,,,,,,,,,,,,,,,,,
30,5,0.141,0.141,0.135,0.134,0.151,0.143,0.136,0.138,0.134,0.137,0.139,0.133,0.133,0.134,0.135,0.128,0.126,0.117,0.128,0.129,0.126,0.132,0.132,0.138,,,,,,,,,,,,,,,,,,,,,,,,,,,,,,,,,,,,,,,,,,,,,,
40,6.666666667,0.152,0.151,0.141,0.141,0.15,0.144,0.139,0.14,0.136,0.141,0.141,0.135,0.136,0.137,0.142,0.135,0.129,0.118,0.132,0.132,0.126,0.132,0.133,0.14,,,,,,,,,,,,,,,,,,,,,,,,,,,,,,,,,,,,,,,,,,,,,,
50,8.333333333,0.161,0.157,0.146,0.153,0.151,0.146,0.143,0.146,0.138,0.144,0.143,0.137,0.136,0.139,0.144,0.138,0.131,0.12,0.136,0.135,0.128,0.133,0.135,0.142,,,,,,,,,,,,,,,,,,,,,,,,,,,,,,,,,,,,,,,,,,,,,,
60,10,0.167,0.163,0.15,0.164,0.152,0.149,0.147,0.151,0.142,0.15,0.146,0.14,0.14,0.142,0.148,0.14,0.134,0.122,0.141,0.139,0.13,0.136,0.138,0.145,,,,,,,,,,,,,,,,,,,,,,,,,,,,,,,,,,,,,,,,,,,,,,
70,11.66666667,0.175,0.168,0.154,0.173,0.153,0.153,0.149,0.152,0.144,0.155,0.147,0.143,0.144,0.145,0.153,0.144,0.137,0.125,0.143,0.143,0.13,0.136,0.14,0.147,,,,,,,,,,,,,,,,,,,,,,,,,,,,,,,,,,,,,,,,,,,,,,
80,13.33333333,0.183,0.175,0.158,0.185,0.155,0.155,0.151,0.155,0.147,0.161,0.15,0.147,0.149,0.149,0.156,0.149,0.14,0.128,0.148,0.147,0.132,0.138,0.142,0.149,,,,,,,,,,,,,,,,,,,,,,,,,,,,,,,,,,,,,,,,,,,,,,
90,15,0.192,0.182,0.163,0.199,0.158,0.158,0.154,0.161,0.151,0.167,0.153,0.151,0.153,0.151,0.16,0.156,0.145,0.131,0.151,0.152,0.132,0.14,0.145,0.153,,,,,,,,,,,,,,,,,,,,,,,,,,,,,,,,,,,,,,,,,,,,,,
100,16.66666667,0.203,0.191,0.168,0.214,0.16,0.162,0.158,0.166,0.156,0.175,0.156,0.155,0.159,0.155,0.164,0.163,0.149,0.135,0.156,0.156,0.134,0.143,0.15,0.158,,,,,,,,,,,,,,,,,,,,,,,,,,,,,,,,,,,,,,,,,,,,,,
110,18.33333333,0.218,0.201,0.175,0.226,0.163,0.165,0.163,0.174,0.162,0.184,0.161,0.162,0.168,0.162,0.17,0.172,0.155,0.139,0.165,0.162,0.137,0.151,0.158,0.165,,,,,,,,,,,,,,,,,,,,,,,,,,,,,,,,,,,,,,,,,,,,,,
120,20,0.23,0.209,0.181,0.237,0.168,0.172,0.169,0.18,0.168,0.192,0.164,0.17,0.177,0.166,0.175,0.18,0.159,0.143,0.169,0.166,0.138,0.152,0.162,0.169,,,,,,,,,,,,,,,,,,,,,,,,,,,,,,,,,,,,,,,,,,,,,,
130,21.66666667,0.241,0.217,0.188,0.248,0.171,0.178,0.173,0.187,0.174,0.201,0.169,0.174,0.18,0.172,0.179,0.188,0.165,0.147,0.174,0.172,0.14,0.157,0.167,0.176,,,,,,,,,,,,,,,,,,,,,,,,,,,,,,,,,,,,,,,,,,,,,,
140,23.33333333,0.252,0.228,0.198,0.257,0.174,0.181,0.18,0.198,0.184,0.212,0.176,0.189,0.193,0.179,0.187,0.198,0.172,0.151,0.185,0.177,0.145,0.167,0.179,0.187,,,,,,,,,,,,,,,,,,,,,,,,,,,,,,,,,,,,,,,,,,,,,,
150,25,0.258,0.235,0.205,0.266,0.179,0.186,0.186,0.205,0.191,0.221,0.182,0.2,0.202,0.185,0.193,0.207,0.179,0.155,0.193,0.182,0.148,0.173,0.187,0.195,,,,,,,,,,,,,,,,,,,,,,,,,,,,,,,,,,,,,,,,,,,,,,
160,26.66666667,0.265,0.242,0.213,0.273,0.183,0.193,0.189,0.208,0.195,0.227,0.187,0.202,0.204,0.191,0.199,0.216,0.185,0.159,0.195,0.189,0.149,0.174,0.187,0.197,,,,,,,,,,,,,,,,,,,,,,,,,,,,,,,,,,,,,,,,,,,,,,
170,28.33333333,0.276,0.254,0.224,0.285,0.188,0.199,0.195,0.216,0.203,0.235,0.193,0.212,0.212,0.2,0.207,0.227,0.193,0.166,0.205,0.196,0.153,0.182,0.199,0.21,,,,,,,,,,,,,,,,,,,,,,,,,,,,,,,,,,,,,,,,,,,,,,
180,30,0.286,0.268,0.238,0.297,0.195,0.208,0.204,0.227,0.213,0.243,0.204,0.228,0.225,0.211,0.216,0.236,0.201,0.175,0.214,0.207,0.158,0.192,0.209,0.22,,,,,,,,,,,,,,,,,,,,,,,,,,,,,,,,,,,,,,,,,,,,,,
190,31.66666667,0.301,0.285,0.256,0.308,0.205,0.221,0.212,0.236,0.221,0.252,0.211,0.24,0.239,0.221,0.224,0.246,0.209,0.184,0.222,0.219,0.161,0.197,0.214,0.227,,,,,,,,,,,,,,,,,,,,,,,,,,,,,,,,,,,,,,,,,,,,,,
200,33.33333333,0.315,0.301,0.272,0.322,0.214,0.234,0.221,0.245,0.232,0.263,0.219,0.251,0.252,0.232,0.232,0.256,0.218,0.195,0.231,0.231,0.163,0.204,0.222,0.237,,,,,,,,,,,,,,,,,,,,,,,,,,,,,,,,,,,,,,,,,,,,,,
210,35,0.329,0.317,0.29,0.335,0.224,0.244,0.231,0.256,0.243,0.274,0.23,0.263,0.266,0.242,0.24,0.265,0.227,0.206,0.241,0.244,0.167,0.213,0.232,0.247,,,,,,,,,,,,,,,,,,,,,,,,,,,,,,,,,,,,,,,,,,,,,,
220,36.66666667,0.341,0.335,0.307,0.347,0.237,0.256,0.242,0.269,0.256,0.285,0.243,0.278,0.278,0.255,0.252,0.276,0.238,0.216,0.255,0.257,0.174,0.226,0.248,0.264,,,,,,,,,,,,,,,,,,,,,,,,,,,,,,,,,,,,,,,,,,,,,,
230,38.33333333,0.353,0.348,0.322,0.36,0.248,0.268,0.252,0.281,0.267,0.297,0.256,0.29,0.291,0.267,0.262,0.285,0.249,0.227,0.266,0.272,0.179,0.236,0.256,0.273,,,,,,,,,,,,,,,,,,,,,,,,,,,,,,,,,,,,,,,,,,,,,,
240,40,0.365,0.361,0.335,0.372,0.257,0.277,0.26,0.289,0.275,0.308,0.266,0.299,0.302,0.274,0.272,0.297,0.259,0.238,0.275,0.282,0.184,0.246,0.266,0.284,,,,,,,,,,,,,,,,,,,,,,,,,,,,,,,,,,,,,,,,,,,,,,
250,41.66666667,0.377,0.373,0.348,0.386,0.267,0.281,0.268,0.3,0.284,0.32,0.277,0.312,0.31,0.286,0.285,0.309,0.271,0.249,0.289,0.291,0.194,0.26,0.282,0.299,,,,,,,,,,,,,,,,,,,,,,,,,,,,,,,,,,,,,,,,,,,,,,
260,43.33333333,0.39,0.39,0.365,0.399,0.279,0.295,0.279,0.311,0.297,0.331,0.291,0.328,0.321,0.298,0.298,0.321,0.283,0.261,0.3,0.304,0.202,0.271,0.293,0.311,,,,,,,,,,,,,,,,,,,,,,,,,,,,,,,,,,,,,,,,,,,,,,
270,45,0.404,0.403,0.379,0.415,0.291,0.309,0.287,0.319,0.305,0.342,0.3,0.339,0.333,0.307,0.309,0.332,0.293,0.273,0.309,0.316,0.205,0.277,0.298,0.318,,,,,,,,,,,,,,,,,,,,,,,,,,,,,,,,,,,,,,,,,,,,,,
280,46.66666667,0.42,0.417,0.395,0.431,0.304,0.321,0.3,0.333,0.321,0.355,0.315,0.355,0.345,0.321,0.323,0.345,0.307,0.288,0.325,0.329,0.217,0.294,0.318,0.339,,,,,,,,,,,,,,,,,,,,,,,,,,,,,,,,,,,,,,,,,,,,,,
290,48.33333333,0.436,0.435,0.41,0.447,0.319,0.339,0.314,0.347,0.336,0.37,0.33,0.372,0.359,0.338,0.334,0.357,0.321,0.305,0.338,0.346,0.226,0.307,0.331,0.352,,,,,,,,,,,,,,,,,,,,,,,,,,,,,,,,,,,,,,,,,,,,,,
300,50,0.452,0.45,0.426,0.464,0.338,0.353,0.33,0.363,0.353,0.386,0.354,0.4,0.376,0.352,0.348,0.369,0.336,0.321,0.354,0.363,0.238,0.326,0.351,0.371,,,,,,,,,,,,,,,,,,,,,,,,,,,,,,,,,,,,,,,,,,,,,,
310,51.66666667,0.469,0.465,0.437,0.48,0.35,0.369,0.341,0.376,0.366,0.398,0.368,0.417,0.392,0.367,0.361,0.383,0.35,0.336,0.371,0.379,0.247,0.34,0.365,0.387,,,,,,,,,,,,,,,,,,,,,,,,,,,,,,,,,,,,,,,,,,,,,,
320,53.33333333,0.487,0.481,0.45,0.497,0.367,0.387,0.357,0.391,0.385,0.415,0.39,0.442,0.409,0.382,0.376,0.395,0.366,0.352,0.386,0.395,0.259,0.36,0.385,0.409,,,,,,,,,,,,,,,,,,,,,,,,,,,,,,,,,,,,,,,,,,,,,,
330,55,0.504,0.495,0.464,0.511,0.383,0.406,0.372,0.405,0.399,0.431,0.404,0.457,0.428,0.397,0.389,0.408,0.38,0.367,0.398,0.414,0.267,0.37,0.395,0.422,,,,,,,,,,,,,,,,,,,,,,,,,,,,,,,,,,,,,,,,,,,,,,
340,56.66666667,0.518,0.51,0.47,0.531,0.4,0.42,0.384,0.421,0.411,0.444,0.417,0.474,0.445,0.413,0.403,0.42,0.395,0.38,0.41,0.423,0.279,0.386,0.411,0.439,,,,,,,,,,,,,,,,,,,,,,,,,,,,,,,,,,,,,,,,,,,,,,
350,58.33333333,0.534,0.523,0.48,0.545,0.415,0.435,0.398,0.437,0.423,0.46,0.432,0.488,0.462,0.427,0.417,0.434,0.41,0.394,0.423,0.432,0.289,0.4,0.423,0.455,,,,,,,,,,,,,,,,,,,,,,,,,,,,,,,,,,,,,,,,,,,,,,
360,60,0.552,0.544,0.495,0.561,0.429,0.45,0.413,0.451,0.433,0.473,0.447,0.498,0.479,0.443,0.434,0.451,0.425,0.406,0.433,0.441,0.299,0.412,0.435,0.465,,,,,,,,,,,,,,,,,,,,,,,,,,,,,,,,,,,,,,,,,,,,,,
370,61.66666667,0.568,0.556,0.5,0.575,0.445,0.463,0.425,0.468,0.444,0.485,0.463,0.511,0.495,0.46,0.448,0.462,0.442,0.421,0.445,0.449,0.314,0.427,0.452,0.48,,,,,,,,,,,,,,,,,,,,,,,,,,,,,,,,,,,,,,,,,,,,,,
380,63.33333333,0.583,0.572,0.505,0.586,0.458,0.477,0.439,0.485,0.456,0.499,0.48,0.527,0.512,0.479,0.46,0.475,0.457,0.433,0.457,0.459,0.33,0.443,0.467,0.496,,,,,,,,,,,,,,,,,,,,,,,,,,,,,,,,,,,,,,,,,,,,,,
390,65,0.597,0.589,0.508,0.6,0.469,0.49,0.45,0.5,0.468,0.511,0.501,0.541,0.531,0.495,0.472,0.487,0.47,0.446,0.469,0.466,0.345,0.458,0.48,0.511,,,,,,,,,,,,,,,,,,,,,,,,,,,,,,,,,,,,,,,,,,,,,,
400,66.66666667,0.608,0.605,0.515,0.607,0.484,0.507,0.46,0.514,0.477,0.52,0.522,0.561,0.546,0.512,0.485,0.496,0.481,0.462,0.484,0.471,0.362,0.474,0.497,0.525,,,,,,,,,,,,,,,,,,,,,,,,,,,,,,,,,,,,,,,,,,,,,,
410,68.33333333,0.615,0.615,0.525,0.612,0.498,0.525,0.471,0.532,0.495,0.534,0.54,0.578,0.562,0.529,0.5,0.506,0.491,0.475,0.495,0.481,0.379,0.489,0.512,0.539,,,,,,,,,,,,,,,,,,,,,,,,,,,,,,,,,,,,,,,,,,,,,,
420,70,0.626,0.626,0.534,0.62,0.511,0.537,0.481,0.543,0.506,0.544,0.544,0.591,0.578,0.545,0.509,0.518,0.496,0.491,0.505,0.485,0.389,0.493,0.515,0.54,,,,,,,,,,,,,,,,,,,,,,,,,,,,,,,,,,,,,,,,,,,,,,
430,71.66666667,0.633,0.636,0.55,0.628,0.527,0.546,0.49,0.559,0.519,0.547,0.555,0.604,0.592,0.561,0.516,0.53,0.502,0.502,0.515,0.496,0.403,0.502,0.519,0.546,,,,,,,,,,,,,,,,,,,,,,,,,,,,,,,,,,,,,,,,,,,,,,
440,73.33333333,0.645,0.645,0.571,0.633,0.546,0.556,0.504,0.577,0.54,0.549,0.563,0.62,0.603,0.575,0.521,0.539,0.509,0.516,0.522,0.513,0.418,0.51,0.528,0.557,,,,,,,,,,,,,,,,,,,,,,,,,,,,,,,,,,,,,,,,,,,,,,
450,75,0.653,0.649,0.583,0.647,0.572,0.577,0.522,0.594,0.559,0.556,0.575,0.632,0.618,0.587,0.525,0.547,0.518,0.53,0.539,0.526,0.436,0.526,0.54,0.572,,,,,,,,,,,,,,,,,,,,,,,,,,,,,,,,,,,,,,,,,,,,,,
460,76.66666667,0.649,0.66,0.604,0.659,0.595,0.587,0.547,0.604,0.568,0.567,0.585,0.648,0.626,0.594,0.527,0.561,0.54,0.542,0.552,0.534,0.443,0.529,0.545,0.574,,,,,,,,,,,,,,,,,,,,,,,,,,,,,,,,,,,,,,,,,,,,,,
470,78.33333333,0.667,0.668,0.62,0.669,0.606,0.597,0.567,0.613,0.577,0.575,0.593,0.662,0.635,0.599,0.539,0.573,0.54,0.555,0.573,0.542,0.455,0.534,0.553,0.581,,,,,,,,,,,,,,,,,,,,,,,,,,,,,,,,,,,,,,,,,,,,,,
480,80,0.681,0.669,0.625,0.679,0.617,0.614,0.592,0.623,0.588,0.588,0.612,0.671,0.646,0.609,0.554,0.584,0.539,0.569,0.593,0.548,0.468,0.546,0.563,0.591,,,,,,,,,,,,,,,,,,,,,,,,,,,,,,,,,,,,,,,,,,,,,,
490,81.66666667,0.693,0.677,0.646,0.691,0.627,0.625,0.61,0.632,0.603,0.594,0.638,0.696,0.66,0.614,0.558,0.595,0.55,0.581,0.612,0.561,0.478,0.555,0.575,0.601,,,,,,,,,,,,,,,,,,,,,,,,,,,,,,,,,,,,,,,,,,,,,,
500,83.33333333,0.707,0.685,0.664,0.7,0.639,0.638,0.622,0.637,0.622,0.598,0.656,0.705,0.669,0.625,0.566,0.606,0.572,0.592,0.63,0.576,0.493,0.572,0.598,0.619,,,,,,,,,,,,,,,,,,,,,,,,,,,,,,,,,,,,,,,,,,,,,,
510,85,0.71,0.691,0.67,0.703,0.642,0.642,0.632,0.645,0.631,0.605,0.672,0.711,0.676,0.633,0.574,0.615,0.582,0.604,0.639,0.592,0.498,0.571,0.613,0.627,,,,,,,,,,,,,,,,,,,,,,,,,,,,,,,,,,,,,,,,,,,,,,
520,86.66666667,0.718,0.696,0.668,0.709,0.643,0.651,0.643,0.657,0.64,0.624,0.679,0.724,0.687,0.634,0.591,0.618,0.595,0.616,0.651,0.608,0.499,0.578,0.622,0.638,,,,,,,,,,,,,,,,,,,,,,,,,,,,,,,,,,,,,,,,,,,,,,
530,88.33333333,0.727,0.702,0.678,0.718,0.653,0.659,0.65,0.669,0.659,0.64,0.688,0.734,0.696,0.632,0.602,0.628,0.604,0.627,0.664,0.613,0.504,0.59,0.632,0.646,,,,,,,,,,,,,,,,,,,,,,,,,,,,,,,,,,,,,,,,,,,,,,
540,90,0.735,0.707,0.686,0.728,0.668,0.67,0.657,0.671,0.672,0.66,0.693,0.738,0.703,0.635,0.614,0.637,0.612,0.637,0.679,0.625,0.516,0.604,0.653,0.66,,,,,,,,,,,,,,,,,,,,,,,,,,,,,,,,,,,,,,,,,,,,,,
550,91.66666667,0.752,0.714,0.698,0.735,0.682,0.675,0.661,0.686,0.68,0.672,0.705,0.746,0.715,0.645,0.631,0.646,0.617,0.644,0.692,0.648,0.529,0.614,0.667,0.672,,,,,,,,,,,,,,,,,,,,,,,,,,,,,,,,,,,,,,,,,,,,,,
560,93.33333333,0.748,0.719,0.699,0.74,0.689,0.685,0.669,0.702,0.683,0.681,0.714,0.755,0.717,0.661,0.644,0.653,0.631,0.654,0.704,0.666,0.541,0.625,0.681,0.685,,,,,,,,,,,,,,,,,,,,,,,,,,,,,,,,,,,,,,,,,,,,,,
570,95,0.755,0.723,0.699,0.745,0.692,0.691,0.679,0.71,0.697,0.697,0.723,0.768,0.728,0.664,0.648,0.66,0.638,0.665,0.711,0.686,0.551,0.638,0.698,0.702,,,,,,,,,,,,,,,,,,,,,,,,,,,,,,,,,,,,,,,,,,,,,,
580,96.66666667,0.752,0.729,0.71,0.752,0.696,0.7,0.683,0.715,0.707,0.707,0.731,0.775,0.739,0.678,0.659,0.664,0.652,0.673,0.72,0.702,0.558,0.645,0.712,0.712,,,,,,,,,,,,,,,,,,,,,,,,,,,,,,,,,,,,,,,,,,,,,,
590,98.33333333,0.76,0.734,0.716,0.759,0.705,0.709,0.691,0.717,0.713,0.715,0.742,0.779,0.747,0.7,0.673,0.67,0.656,0.682,0.731,0.714,0.57,0.654,0.721,0.72,,,,,,,,,,,,,,,,,,,,,,,,,,,,,,,,,,,,,,,,,,,,,,
600,100,0.768,0.735,0.714,0.758,0.712,0.717,0.702,0.732,0.725,0.719,0.751,0.788,0.757,0.716,0.674,0.677,0.669,0.689,0.729,0.725,0.575,0.656,0.725,0.722,,,,,,,,,,,,,,,,,,,,,,,,,,,,,,,,,,,,,,,,,,,,,,
610,101.6666667,0.769,0.747,0.727,0.77,0.725,0.723,0.709,0.736,0.734,0.718,0.756,0.792,0.766,0.724,0.69,0.683,0.668,0.697,0.746,0.736,0.592,0.681,0.742,0.745,,,,,,,,,,,,,,,,,,,,,,,,,,,,,,,,,,,,,,,,,,,,,,
620,103.3333333,0.773,0.752,0.732,0.772,0.722,0.73,0.716,0.744,0.738,0.727,0.77,0.801,0.781,0.73,0.692,0.689,0.676,0.705,0.753,0.744,0.597,0.691,0.744,0.748,,,,,,,,,,,,,,,,,,,,,,,,,,,,,,,,,,,,,,,,,,,,,,
630,105,0.784,0.752,0.732,0.773,0.726,0.738,0.714,0.752,0.746,0.747,0.775,0.811,0.783,0.737,0.694,0.691,0.685,0.714,0.757,0.751,0.602,0.701,0.757,0.756,,,,,,,,,,,,,,,,,,,,,,,,,,,,,,,,,,,,,,,,,,,,,,
640,106.6666667,0.784,0.755,0.733,0.781,0.728,0.746,0.715,0.753,0.751,0.753,0.78,0.815,0.796,0.752,0.702,0.698,0.691,0.721,0.766,0.762,0.611,0.715,0.765,0.767,,,,,,,,,,,,,,,,,,,,,,,,,,,,,,,,,,,,,,,,,,,,,,
650,108.3333333,0.786,0.761,0.741,0.784,0.739,0.75,0.723,0.76,0.755,0.761,0.786,0.82,0.802,0.756,0.706,0.702,0.698,0.729,0.773,0.764,0.618,0.724,0.77,0.774,,,,,,,,,,,,,,,,,,,,,,,,,,,,,,,,,,,,,,,,,,,,,,
660,110,0.79,0.764,0.744,0.791,0.751,0.753,0.727,0.765,0.759,0.764,0.793,0.827,0.804,0.755,0.713,0.709,0.699,0.736,0.778,0.769,0.626,0.734,0.777,0.779,,,,,,,,,,,,,,,,,,,,,,,,,,,,,,,,,,,,,,,,,,,,,,
670,111.6666667,0.796,0.769,0.749,0.798,0.744,0.758,0.73,0.77,0.763,0.77,0.8,0.83,0.814,0.77,0.717,0.713,0.708,0.743,0.785,0.772,0.635,0.745,0.781,0.783,,,,,,,,,,,,,,,,,,,,,,,,,,,,,,,,,,,,,,,,,,,,,,
680,113.3333333,0.798,0.772,0.751,0.801,0.756,0.76,0.734,0.774,0.767,0.78,0.804,0.833,0.818,0.767,0.721,0.718,0.712,0.75,0.79,0.776,0.639,0.757,0.787,0.781,,,,,,,,,,,,,,,,,,,,,,,,,,,,,,,,,,,,,,,,,,,,,,
690,115,0.803,0.775,0.755,0.8,0.759,0.764,0.736,0.781,0.777,0.782,0.812,0.838,0.825,0.784,0.729,0.723,0.72,0.757,0.797,0.786,0.645,0.759,0.79,0.781,,,,,,,,,,,,,,,,,,,,,,,,,,,,,,,,,,,,,,,,,,,,,,
700,116.6666667,0.805,0.78,0.764,0.804,0.76,0.77,0.747,0.784,0.781,0.786,0.817,0.842,0.832,0.781,0.738,0.727,0.728,0.762,0.801,0.793,0.656,0.766,0.795,0.79,,,,,,,,,,,,,,,,,,,,,,,,,,,,,,,,,,,,,,,,,,,,,,
710,118.3333333,0.812,0.783,0.761,0.806,0.771,0.763,0.756,0.788,0.784,0.79,0.821,0.841,0.838,0.788,0.737,0.736,0.734,0.769,0.804,0.797,0.658,0.761,0.792,0.79,,,,,,,,,,,,,,,,,,,,,,,,,,,,,,,,,,,,,,,,,,,,,,
720,120,0.812,0.789,0.764,0.811,0.774,0.769,0.751,0.79,0.787,0.794,0.825,0.851,0.845,0.794,0.743,0.742,0.739,0.776,0.809,0.797,0.666,0.766,0.796,0.791,,,,,,,,,,,,,,,,,,,,,,,,,,,,,,,,,,,,,,,,,,,,,,
730,121.6666667,0.817,0.791,0.77,0.812,0.777,0.773,0.751,0.788,0.79,0.793,0.826,0.852,0.847,0.799,0.749,0.746,0.743,0.781,0.81,0.8,0.674,0.763,0.796,0.795,,,,,,,,,,,,,,,,,,,,,,,,,,,,,,,,,,,,,,,,,,,,,,
740,123.3333333,0.817,0.792,0.779,0.813,0.78,0.775,0.757,0.791,0.794,0.796,0.83,0.858,0.843,0.799,0.757,0.749,0.747,0.785,0.814,0.803,0.678,0.759,0.792,0.798,,,,,,,,,,,,,,,,,,,,,,,,,,,,,,,,,,,,,,,,,,,,,,
750,125,0.82,0.798,0.787,0.812,0.781,0.778,0.762,0.797,0.796,0.796,0.832,0.86,0.854,0.804,0.76,0.755,0.751,0.79,0.819,0.805,0.69,0.765,0.799,0.807,,,,,,,,,,,,,,,,,,,,,,,,,,,,,,,,,,,,,,,,,,,,,,
760,126.6666667,0.822,0.798,0.79,0.814,0.781,0.779,0.765,0.802,0.796,0.8,0.835,0.863,0.864,0.809,0.765,0.758,0.754,0.793,0.819,0.808,0.696,0.772,0.802,0.817,,,,,,,,,,,,,,,,,,,,,,,,,,,,,,,,,,,,,,,,,,,,,,
770,128.3333333,0.823,0.799,0.797,0.815,0.782,0.784,0.769,0.804,0.793,0.804,0.839,0.864,0.867,0.812,0.768,0.761,0.759,0.801,0.823,0.811,0.704,0.78,0.808,0.827,,,,,,,,,,,,,,,,,,,,,,,,,,,,,,,,,,,,,,,,,,,,,,
780,130,0.824,0.802,0.802,0.817,0.784,0.784,0.773,0.807,0.793,0.808,0.842,0.865,0.869,0.816,0.769,0.766,0.765,0.807,0.826,0.814,0.712,0.788,0.819,0.834,,,,,,,,,,,,,,,,,,,,,,,,,,,,,,,,,,,,,,,,,,,,,,
790,131.6666667,0.825,0.806,0.799,0.822,0.786,0.79,0.775,0.81,0.792,0.812,0.843,0.868,0.872,0.822,0.774,0.769,0.77,0.813,0.831,0.82,0.721,0.8,0.829,0.843,,,,,,,,,,,,,,,,,,,,,,,,,,,,,,,,,,,,,,,,,,,,,,
800,133.3333333,0.826,0.808,0.802,0.824,0.791,0.79,0.781,0.813,0.797,0.815,0.844,0.872,0.876,0.823,0.778,0.773,0.777,0.819,0.833,0.822,0.725,0.809,0.831,0.848,,,,,,,,,,,,,,,,,,,,,,,,,,,,,,,,,,,,,,,,,,,,,,
810,135,0.828,0.811,0.805,0.824,0.793,0.793,0.787,0.817,0.798,0.818,0.843,0.875,0.881,0.824,0.781,0.776,0.775,0.823,0.837,0.823,0.737,0.822,0.835,0.852,,,,,,,,,,,,,,,,,,,,,,,,,,,,,,,,,,,,,,,,,,,,,,
820,136.6666667,0.83,0.815,0.809,0.829,0.795,0.798,0.79,0.822,0.803,0.82,0.846,0.879,0.882,0.83,0.784,0.781,0.784,0.829,0.839,0.827,0.745,0.829,0.838,0.855,,,,,,,,,,,,,,,,,,,,,,,,,,,,,,,,,,,,,,,,,,,,,,
830,138.3333333,0.832,0.817,0.812,0.828,0.799,0.8,0.795,0.827,0.806,0.824,0.848,0.881,0.887,0.832,0.785,0.783,0.787,0.837,0.84,0.83,0.757,0.835,0.84,0.859,,,,,,,,,,,,,,,,,,,,,,,,,,,,,,,,,,,,,,,,,,,,,,
840,140,0.834,0.819,0.816,0.83,0.801,0.801,0.798,0.828,0.808,0.825,0.85,0.882,0.892,0.834,0.786,0.788,0.791,0.841,0.84,0.832,0.767,0.836,0.84,0.86,,,,,,,,,,,,,,,,,,,,,,,,,,,,,,,,,,,,,,,,,,,,,,
850,141.6666667,0.836,0.822,0.82,0.835,0.805,0.803,0.8,0.83,0.813,0.826,0.855,0.884,0.895,0.836,0.79,0.792,0.798,0.845,0.843,0.835,0.772,0.839,0.842,0.862,,,,,,,,,,,,,,,,,,,,,,,,,,,,,,,,,,,,,,,,,,,,,,
860,143.3333333,0.839,0.826,0.823,0.836,0.808,0.805,0.804,0.831,0.814,0.825,0.856,0.886,0.896,0.837,0.791,0.794,0.801,0.851,0.846,0.835,0.776,0.841,0.842,0.864,,,,,,,,,,,,,,,,,,,,,,,,,,,,,,,,,,,,,,,,,,,,,,
870,145,0.841,0.829,0.825,0.838,0.81,0.803,0.805,0.83,0.814,0.826,0.858,0.886,0.9,0.839,0.794,0.797,0.803,0.856,0.847,0.838,0.784,0.844,0.843,0.866,,,,,,,,,,,,,,,,,,,,,,,,,,,,,,,,,,,,,,,,,,,,,,
880,146.6666667,0.843,0.826,0.825,0.841,0.812,0.805,0.808,0.83,0.814,0.826,0.862,0.889,0.903,0.841,0.794,0.795,0.804,0.861,0.849,0.84,0.792,0.843,0.843,0.867,,,,,,,,,,,,,,,,,,,,,,,,,,,,,,,,,,,,,,,,,,,,,,
890,148.3333333,0.846,0.833,0.829,0.844,0.815,0.807,0.81,0.834,0.816,0.827,0.865,0.889,0.904,0.844,0.795,0.797,0.805,0.865,0.852,0.844,0.801,0.844,0.844,0.869,,,,,,,,,,,,,,,,,,,,,,,,,,,,,,,,,,,,,,,,,,,,,,
900,150,0.848,0.837,0.83,0.844,0.817,0.807,0.812,0.834,0.814,0.831,0.864,0.888,0.906,0.845,0.796,0.801,0.806,0.868,0.851,0.845,0.807,0.844,0.843,0.87,,,,,,,,,,,,,,,,,,,,,,,,,,,,,,,,,,,,,,,,,,,,,,
910,151.6666667,0.85,0.84,0.832,0.846,0.821,0.809,0.815,0.837,0.817,0.835,0.867,0.89,0.907,0.849,0.798,0.806,0.809,0.871,0.852,0.848,0.815,0.845,0.845,0.872,,,,,,,,,,,,,,,,,,,,,,,,,,,,,,,,,,,,,,,,,,,,,,
920,153.3333333,0.852,0.843,0.834,0.849,0.823,0.81,0.817,0.838,0.818,0.836,0.868,0.891,0.91,0.85,0.796,0.806,0.812,0.874,0.852,0.851,0.819,0.844,0.846,0.872,,,,,,,,,,,,,,,,,,,,,,,,,,,,,,,,,,,,,,,,,,,,,,
930,155,0.855,0.846,0.837,0.85,0.826,0.812,0.818,0.841,0.82,0.84,0.87,0.893,0.913,0.852,0.798,0.809,0.817,0.876,0.854,0.852,0.824,0.845,0.848,0.873,,,,,,,,,,,,,,,,,,,,,,,,,,,,,,,,,,,,,,,,,,,,,,
940,156.6666667,0.858,0.849,0.836,0.852,0.828,0.813,0.819,0.843,0.825,0.841,0.872,0.895,0.915,0.855,0.8,0.81,0.818,0.879,0.859,0.854,0.826,0.849,0.851,0.876,,,,,,,,,,,,,,,,,,,,,,,,,,,,,,,,,,,,,,,,,,,,,,
950,158.3333333,0.861,0.849,0.834,0.854,0.833,0.816,0.823,0.845,0.828,0.841,0.875,0.9,0.916,0.856,0.804,0.812,0.821,0.881,0.864,0.854,0.828,0.853,0.856,0.88,,,,,,,,,,,,,,,,,,,,,,,,,,,,,,,,,,,,,,,,,,,,,,
960,160,0.863,0.848,0.838,0.857,0.832,0.817,0.824,0.845,0.828,0.844,0.878,0.902,0.918,0.858,0.807,0.811,0.823,0.883,0.863,0.857,0.838,0.855,0.858,0.882,,,,,,,,,,,,,,,,,,,,,,,,,,,,,,,,,,,,,,,,,,,,,,
970,161.6666667,0.866,0.851,0.839,0.858,0.835,0.82,0.826,0.843,0.828,0.844,0.878,0.902,0.919,0.862,0.805,0.815,0.824,0.883,0.864,0.859,0.843,0.857,0.859,0.884,,,,,,,,,,,,,,,,,,,,,,,,,,,,,,,,,,,,,,,,,,,,,,
980,163.3333333,0.868,0.854,0.84,0.859,0.838,0.821,0.827,0.846,0.829,0.846,0.879,0.904,0.922,0.861,0.808,0.817,0.826,0.886,0.864,0.861,0.848,0.858,0.859,0.885,,,,,,,,,,,,,,,,,,,,,,,,,,,,,,,,,,,,,,,,,,,,,,
990,165,0.871,0.854,0.841,0.861,0.839,0.824,0.829,0.847,0.829,0.846,0.881,0.905,0.923,0.865,0.809,0.818,0.829,0.888,0.867,0.863,0.854,0.86,0.862,0.886,,,,,,,,,,,,,,,,,,,,,,,,,,,,,,,,,,,,,,,,,,,,,,
1000,166.6666667,0.873,0.857,0.843,0.861,0.841,0.826,0.83,0.849,0.831,0.848,0.882,0.907,0.925,0.866,0.81,0.82,0.83,0.889,0.868,0.865,0.858,0.861,0.862,0.888,,,,,,,,,,,,,,,,,,,,,,,,,,,,,,,,,,,,,,,,,,,,,,
1010,168.3333333,0.875,0.858,0.844,0.864,0.844,0.827,0.83,0.85,0.832,0.851,0.884,0.908,0.928,0.868,0.811,0.821,0.832,0.891,0.869,0.866,0.862,0.862,0.863,0.888,,,,,,,,,,,,,,,,,,,,,,,,,,,,,,,,,,,,,,,,,,,,,,
1020,170,0.877,0.863,0.849,0.866,0.846,0.829,0.831,0.851,0.834,0.853,0.886,0.91,0.931,0.867,0.811,0.822,0.834,0.894,0.868,0.868,0.864,0.862,0.861,0.888,,,,,,,,,,,,,,,,,,,,,,,,,,,,,,,,,,,,,,,,,,,,,,
1030,171.6666667,0.878,0.868,0.851,0.868,0.848,0.831,0.832,0.851,0.833,0.854,0.887,0.914,0.934,0.87,0.811,0.827,0.837,0.897,0.87,0.872,0.868,0.863,0.863,0.887,,,,,,,,,,,,,,,,,,,,,,,,,,,,,,,,,,,,,,,,,,,,,,
1040,173.3333333,0.878,0.87,0.855,0.869,0.852,0.835,0.836,0.856,0.835,0.855,0.892,0.916,0.936,0.874,0.812,0.828,0.838,0.899,0.873,0.877,0.87,0.868,0.867,0.892,,,,,,,,,,,,,,,,,,,,,,,,,,,,,,,,,,,,,,,,,,,,,,
1050,175,0.88,0.873,0.856,0.87,0.854,0.834,0.832,0.853,0.836,0.855,0.893,0.916,0.938,0.874,0.811,0.83,0.839,0.902,0.869,0.875,0.87,0.865,0.865,0.888,,,,,,,,,,,,,,,,,,,,,,,,,,,,,,,,,,,,,,,,,,,,,,
1060,176.6666667,0.882,0.876,0.86,0.87,0.856,0.837,0.835,0.855,0.838,0.857,0.895,0.919,0.941,0.876,0.812,0.833,0.842,0.904,0.87,0.878,0.871,0.867,0.868,0.89,,,,,,,,,,,,,,,,,,,,,,,,,,,,,,,,,,,,,,,,,,,,,,
1070,178.3333333,0.882,0.878,0.863,0.872,0.856,0.839,0.841,0.859,0.84,0.859,0.899,0.922,0.942,0.875,0.814,0.83,0.839,0.904,0.876,0.878,0.872,0.872,0.873,0.894,,,,,,,,,,,,,,,,,,,,,,,,,,,,,,,,,,,,,,,,,,,,,,
1080,180,0.885,0.882,0.863,0.873,0.859,0.839,0.84,0.858,0.839,0.86,0.899,0.922,0.944,0.876,0.815,0.834,0.843,0.906,0.876,0.878,0.87,0.871,0.872,0.894,,,,,,,,,,,,,,,,,,,,,,,,,,,,,,,,,,,,,,,,,,,,,,
1090,181.6666667,0.886,0.885,0.866,0.876,0.862,0.842,0.841,0.861,0.838,0.857,0.901,0.924,0.944,0.878,0.814,0.835,0.845,0.908,0.88,0.881,0.871,0.873,0.875,0.896,,,,,,,,,,,,,,,,,,,,,,,,,,,,,,,,,,,,,,,,,,,,,,
1100,183.3333333,0.888,0.886,0.866,0.877,0.862,0.842,0.841,0.861,0.837,0.857,0.901,0.925,0.945,0.879,0.816,0.835,0.846,0.91,0.878,0.879,0.868,0.873,0.875,0.896,,,,,,,,,,,,,,,,,,,,,,,,,,,,,,,,,,,,,,,,,,,,,,
1110,185,0.891,0.89,0.869,0.876,0.864,0.842,0.843,0.864,0.839,0.859,0.902,0.925,0.946,0.882,0.817,0.836,0.848,0.912,0.881,0.881,0.868,0.875,0.878,0.898,,,,,,,,,,,,,,,,,,,,,,,,,,,,,,,,,,,,,,,,,,,,,,
1120,186.6666667,0.894,0.892,0.869,0.879,0.868,0.844,0.846,0.866,0.842,0.862,0.905,0.926,0.947,0.885,0.819,0.837,0.85,0.914,0.883,0.881,0.868,0.877,0.88,0.901,,,,,,,,,,,,,,,,,,,,,,,,,,,,,,,,,,,,,,,,,,,,,,
1130,188.3333333,0.895,0.893,0.869,0.878,0.869,0.844,0.846,0.866,0.843,0.862,0.906,0.927,0.949,0.884,0.819,0.838,0.851,0.915,0.881,0.88,0.865,0.876,0.878,0.899,,,,,,,,,,,,,,,,,,,,,,,,,,,,,,,,,,,,,,,,,,,,,,
1140,190,0.897,0.894,0.87,0.883,0.872,0.848,0.851,0.868,0.842,0.861,0.908,0.929,0.95,0.885,0.82,0.838,0.85,0.916,0.886,0.88,0.864,0.876,0.881,0.902,,,,,,,,,,,,,,,,,,,,,,,,,,,,,,,,,,,,,,,,,,,,,,
1150,191.6666667,0.898,0.897,0.871,0.882,0.875,0.847,0.848,0.867,0.842,0.861,0.907,0.928,0.953,0.887,0.82,0.84,0.854,0.918,0.883,0.881,0.863,0.876,0.881,0.9,,,,,,,,,,,,,,,,,,,,,,,,,,,,,,,,,,,,,,,,,,,,,,
1160,193.3333333,0.9,0.894,0.873,0.884,0.877,0.85,0.854,0.872,0.843,0.86,0.909,0.93,0.954,0.888,0.822,0.84,0.853,0.918,0.888,0.882,0.864,0.879,0.883,0.903,,,,,,,,,,,,,,,,,,,,,,,,,,,,,,,,,,,,,,,,,,,,,,
1170,195,0.9,0.894,0.872,0.885,0.878,0.853,0.858,0.877,0.846,0.859,0.913,0.933,0.955,0.89,0.823,0.839,0.855,0.921,0.891,0.885,0.865,0.881,0.886,0.906,,,,,,,,,,,,,,,,,,,,,,,,,,,,,,,,,,,,,,,,,,,,,,
1180,196.6666667,0.901,0.896,0.872,0.887,0.88,0.853,0.857,0.875,0.845,0.86,0.91,0.932,0.954,0.89,0.825,0.841,0.856,0.923,0.89,0.882,0.863,0.881,0.885,0.907,,,,,,,,,,,,,,,,,,,,,,,,,,,,,,,,,,,,,,,,,,,,,,
1190,198.3333333,0.901,0.896,0.872,0.888,0.881,0.854,0.857,0.875,0.845,0.86,0.909,0.93,0.955,0.893,0.824,0.841,0.856,0.926,0.887,0.882,0.863,0.88,0.885,0.906,,,,,,,,,,,,,,,,,,,,,,,,,,,,,,,,,,,,,,,,,,,,,,
1200,200,0.902,0.896,0.871,0.887,0.882,0.855,0.858,0.876,0.848,0.864,0.91,0.931,0.957,0.893,0.825,0.842,0.858,0.928,0.887,0.883,0.862,0.879,0.885,0.905,,,,,,,,,,,,,,,,,,,,,,,,,,,,,,,,,,,,,,,,,,,,,,
1210,201.6666667,0.906,0.896,0.87,0.888,0.883,0.857,0.86,0.878,0.851,0.868,0.913,0.935,0.959,0.895,0.828,0.844,0.86,0.93,0.889,0.883,0.862,0.88,0.887,0.907,,,,,,,,,,,,,,,,,,,,,,,,,,,,,,,,,,,,,,,,,,,,,,
1220,203.3333333,0.904,0.898,0.872,0.89,0.883,0.857,0.862,0.879,0.853,0.868,0.913,0.936,0.959,0.894,0.829,0.845,0.862,0.932,0.889,0.883,0.86,0.879,0.885,0.907,,,,,,,,,,,,,,,,,,,,,,,,,,,,,,,,,,,,,,,,,,,,,,
1230,205,0.907,0.9,0.872,0.89,0.885,0.859,0.864,0.88,0.853,0.869,0.914,0.937,0.96,0.895,0.829,0.847,0.862,0.933,0.89,0.883,0.86,0.88,0.886,0.908,,,,,,,,,,,,,,,,,,,,,,,,,,,,,,,,,,,,,,,,,,,,,,
1240,206.6666667,0.91,0.899,0.871,0.891,0.888,0.862,0.866,0.883,0.855,0.867,0.915,0.938,0.961,0.894,0.831,0.847,0.862,0.934,0.895,0.882,0.86,0.881,0.888,0.91,,,,,,,,,,,,,,,,,,,,,,,,,,,,,,,,,,,,,,,,,,,,,,
1250,208.3333333,0.909,0.898,0.868,0.892,0.885,0.862,0.864,0.879,0.85,0.866,0.912,0.937,0.963,0.894,0.831,0.849,0.864,0.938,0.888,0.882,0.858,0.879,0.885,0.907,,,,,,,,,,,,,,,,,,,,,,,,,,,,,,,,,,,,,,,,,,,,,,
1260,210,0.909,0.899,0.869,0.891,0.885,0.862,0.862,0.88,0.85,0.867,0.913,0.937,0.964,0.896,0.831,0.85,0.867,0.939,0.887,0.884,0.856,0.878,0.884,0.906,,,,,,,,,,,,,,,,,,,,,,,,,,,,,,,,,,,,,,,,,,,,,,
1270,211.6666667,0.909,0.9,0.87,0.893,0.887,0.863,0.865,0.882,0.851,0.869,0.914,0.937,0.964,0.896,0.832,0.849,0.868,0.942,0.889,0.884,0.857,0.879,0.885,0.908,,,,,,,,,,,,,,,,,,,,,,,,,,,,,,,,,,,,,,,,,,,,,,
1280,213.3333333,0.91,0.901,0.871,0.894,0.889,0.864,0.866,0.881,0.852,0.869,0.914,0.937,0.965,0.896,0.833,0.851,0.869,0.943,0.888,0.884,0.856,0.878,0.886,0.909,,,,,,,,,,,,,,,,,,,,,,,,,,,,,,,,,,,,,,,,,,,,,,
1290,215,0.911,0.904,0.871,0.894,0.89,0.864,0.866,0.88,0.848,0.867,0.915,0.94,0.966,0.897,0.834,0.853,0.871,0.945,0.887,0.885,0.855,0.879,0.886,0.909,,,,,,,,,,,,,,,,,,,,,,,,,,,,,,,,,,,,,,,,,,,,,,
1300,216.6666667,0.914,0.903,0.872,0.895,0.892,0.866,0.87,0.883,0.848,0.864,0.916,0.941,0.966,0.899,0.835,0.852,0.871,0.948,0.895,0.884,0.856,0.881,0.889,0.913,,,,,,,,,,,,,,,,,,,,,,,,,,,,,,,,,,,,,,,,,,,,,,
1310,218.3333333,0.914,0.905,0.871,0.896,0.891,0.867,0.868,0.881,0.847,0.863,0.915,0.941,0.967,0.899,0.836,0.854,0.872,0.949,0.89,0.884,0.856,0.881,0.889,0.913,,,,,,,,,,,,,,,,,,,,,,,,,,,,,,,,,,,,,,,,,,,,,,
1320,220,0.915,0.906,0.871,0.896,0.893,0.867,0.869,0.883,0.848,0.864,0.915,0.941,0.967,0.901,0.836,0.855,0.874,0.952,0.89,0.886,0.856,0.882,0.89,0.913,,,,,,,,,,,,,,,,,,,,,,,,,,,,,,,,,,,,,,,,,,,,,,
1330,221.6666667,0.917,0.907,0.873,0.896,0.894,0.868,0.87,0.883,0.85,0.866,0.916,0.941,0.968,0.9,0.838,0.854,0.875,0.953,0.893,0.884,0.855,0.882,0.889,0.913,,,,,,,,,,,,,,,,,,,,,,,,,,,,,,,,,,,,,,,,,,,,,,
1340,223.3333333,0.917,0.907,0.871,0.897,0.895,0.868,0.871,0.884,0.847,0.863,0.915,0.939,0.968,0.901,0.837,0.854,0.874,0.954,0.892,0.885,0.855,0.883,0.89,0.914,,,,,,,,,,,,,,,,,,,,,,,,,,,,,,,,,,,,,,,,,,,,,,
,,,,,,,,,,,,,,,,,,,,,,,,,,,,,,,,,,,,,,,,,,,,,,,,,,,,,,,,,,,,,,,,,,,,,,,
,,,,,,,,,,,,,,,,,,,,,,,,,,,,,,,,,,,,,,,,,,,,,,,,,,,,,,,,,,,,,,,,,,,,,,,
,,,,,,,,,,,,,,,,,,,,,,,,,,,,,,,,,,,,,,,,,,,,,,,,,,,,,,,,,,,,,,,,,,,,,,,
,,,,,,,,,,,,,,,,,,,,,,,,,,,,,,,,,,,,,,,,,,,,,,,,,,,,,,,,,,,,,,,,,,,,,,,
,,,,,,,,,,,,,,,,,,,,,,,,,,,,,,,,,,,,,,,,,,,,,,,,,,,,,,,,,,,,,,,,,,,,,,,
,,,,,,,,,,,,,,,,,,,,,,,,,,,,,,,,,,,,,,,,,,,,,,,,,,,,,,,,,,,,,,,,,,,,,,,
,,,,,,,,,,,,,,,,,,,,,,,,,,,,,,,,,,,,,,,,,,,,,,,,,,,,,,,,,,,,,,,,,,,,,,,
,,,,,,,,,,,,,,,,,,,,,,,,,,,,,,,,,,,,,,,,,,,,,,,,,,,,,,,,,,,,,,,,,,,,,,,
,,,,,,,,,,,,,,,,,,,,,,,,,,,,,,,,,,,,,,,,,,,,,,,,,,,,,,,,,,,,,,,,,,,,,,,
,,,,,,,,,,,,,,,,,,,,,,,,,,,,,,,,,,,,,,,,,,,,,,,,,,,,,,,,,,,,,,,,,,,,,,,
,,,,,,,,,,,,,,,,,,,,,,,,,,,,,,,,,,,,,,,,,,,,,,,,,,,,,,,,,,,,,,,,,,,,,,,
,,,,,,,,,,,,,,,,,,,,,,,,,,,,,,,,,,,,,,,,,,,,,,,,,,,,,,,,,,,,,,,,,,,,,,,
,,,,,,,,,,,,,,,,,,,,,,,,,,,,,,,,,,,,,,,,,,,,,,,,,,,,,,,,,,,,,,,,,,,,,,,
,,,,,,,,,,,,,,,,,,,,,,,,,,,,,,,,,,,,,,,,,,,,,,,,,,,,,,,,,,,,,,,,,,,,,,,
,,,,,,,,,,,,,,,,,,,,,,,,,,,,,,,,,,,,,,,,,,,,,,,,,,,,,,,,,,,,,,,,,,,,,,,
,,,,,,,,,,,,,,,,,,,,,,,,,,,,,,,,,,,,,,,,,,,,,,,,,,,,,,,,,,,,,,,,,,,,,,,
,,,,,,,,,,,,,,,,,,,,,,,,,,,,,,,,,,,,,,,,,,,,,,,,,,,,,,,,,,,,,,,,,,,,,,,
,,,,,,,,,,,,,,,,,,,,,,,,,,,,,,,,,,,,,,,,,,,,,,,,,,,,,,,,,,,,,,,,,,,,,,,
,,,,,,,,,,,,,,,,,,,,,,,,,,,,,,,,,,,,,,,,,,,,,,,,,,,,,,,,,,,,,,,,,,,,,,,0
,,,,,,,,,,,,,,,,,,,,,,,,,,,,,,,,,,,,,,,,,,,,,,,,,,,,,,,,,,,,,,,,,,,,,,,0
,,,,,,,,,,,,,,,,,,,,,,,,,,,,,,,,,,,,,,,,,,,,,,,,,,,,,,,,,,,,,,,,,,,,,,,0
,,,,,,,,,,,,,,,,,,,,,,,,,,,,,,,,,,,,,,,,,,,,,,,,,,,,,,,,,,,,,,,,,,,,,,,0
,,,,,,,,,,,,,,,,,,,,,,,,,,,,,,,,,,,,,,,,,,,,,,,,,,,,,,,,,,,,,,,,,,,,,,,0
,,,,,,,,,,,,,,,,,,,,,,,,,,,,,,,,,,,,,,,,,,,,,,,,,,,,,,,,,,,,,,,,,,,,,,,0
,,,,,,,,,,,,,,,,,,,,,,,,,,,,,,,,,,,,,,,,,,,,,,,,,,,,,,,,,,,,,,,,,,,,,,,0
,,,,,,,,,,,,,,,,,,,,,,,,,,,,,,,,,,,,,,,,,,,,,,,,,,,,,,,,,,,,,,,,,,,,,,,0
,,,,,,,,,,,,,,,,,,,,,,,,,,,,,,,,,,,,,,,,,,,,,,,,,,,,,,,,,,,,,,,,,,,,,,,0
,,,,,,,,,,,,,,,,,,,,,,,,,,,,,,,,,,,,,,,,,,,,,,,,,,,,,,,,,,,,,,,,,,,,,,,0
,,,,,,,,,,,,,,,,,,,,,,,,,,,,,,,,,,,,,,,,,,,,,,,,,,,,,,,,,,,,,,,,,,,,,,,0
,,,,,,,,,,,,,,,,,,,,,,,,,,,,,,,,,,,,,,,,,,,,,,,,,,,,,,,,,,,,,,,,,,,,,,,0
,,,,,,,,,,,,,,,,,,,,,,,,,,,,,,,,,,,,,,,,,,,,,,,,,,,,,,,,,,,,,,,,,,,,,,,0
,,,,,,,,,,,,,,,,,,,,,,,,,,,,,,,,,,,,,,,,,,,,,,,,,,,,,,,,,,,,,,,,,,,,,,,0
,,,,,,,,,,,,,,,,,,,,,,,,,,,,,,,,,,,,,,,,,,,,,,,,,,,,,,,,,,,,,,,,,,,,,,,0
,,,,,,,,,,,,,,,,,,,,,,,,,,,,,,,,,,,,,,,,,,,,,,,,,,,,,,,,,,,,,,,,,,,,,,,0
,,,,,,,,,,,,,,,,,,,,,,,,,,,,,,,,,,,,,,,,,,,,,,,,,,,,,,,,,,,,,,,,,,,,,,,0
,,,,,,,,,,,,,,,,,,,,,,,,,,,,,,,,,,,,,,,,,,,,,,,,,,,,,,,,,,,,,,,,,,,,,,,0
,,,,,,,,,,,,,,,,,,,,,,,,,,,,,,,,,,,,,,,,,,,,,,,,,,,,,,,,,,,,,,,,,,,,,,,0
,,,,,,,,,,,,,,,,,,,,,,,,,,,,,,,,,,,,,,,,,,,,,,,,,,,,,,,,,,,,,,,,,,,,,,,0
,,,,,,,,,,,,,,,,,,,,,,,,,,,,,,,,,,,,,,,,,,,,,,,,,,,,,,,,,,,,,,,,,,,,,,,0
,,,,,,,,,,,,,,,,,,,,,,,,,,,,,,,,,,,,,,,,,,,,,,,,,,,,,,,,,,,,,,,,,,,,,,,0
,,,,,,,,,,,,,,,,,,,,,,,,,,,,,,,,,,,,,,,,,,,,,,,,,,,,,,,,,,,,,,,,,,,,,,,0
,,,,,,,,,,,,,,,,,,,,,,,,,,,,,,,,,,,,,,,,,,,,,,,,,,,,,,,,,,,,,,,,,,,,,,,0
,,,,,,,,,,,,,,,,,,,,,,,,,,,,,,,,,,,,,,,,,,,,,,,,,,,,,,,,,,,,,,,,,,,,,,,0
,,,,,,,,,,,,,,,,,,,,,,,,,,,,,,,,,,,,,,,,,,,,,,,,,,,,,,,,,,,,,,,,,,,,,,,0
,,,,,,,,,,,,,,,,,,,,,,,,,,,,,,,,,,,,,,,,,,,,,,,,,,,,,,,,,,,,,,,,,,,,,,,0
,,,,,,,,,,,,,,,,,,,,,,,,,,,,,,,,,,,,,,,,,,,,,,,,,,,,,,,,,,,,,,,,,,,,,,,0
,,,,,,,,,,,,,,,,,,,,,,,,,,,,,,,,,,,,,,,,,,,,,,,,,,,,,,,,,,,,,,,,,,,,,,,0