Time/min,Time/h,B2,B3,B4,B5,B6,B7,C2,C3,C4,C5,C6,C7,C8,C9,C10,C11,D2,D3,D4,D5,D6,D7,D8,D9,D10,E2,E3,E4,E5,E6,E7,E8,E9,E10,E11,E12,F2,F3,F4,F5,F6,F7,F8,F9,F10,F11
10,1.666666667,0.127,0.127,0.129,0.132,0.128,0.129,0.13,0.138,0.129,0.134,0.138,0.14,0.135,0.13,0.134,0.138,0.132,0.12,0.125,0.131,0.114,0.125,0.135,0.126,0.134,0.121,0.143,0.133,0.132,0.145,0.143,0.14,0.14,0.14,0.089,0.087,0.127,0.129,0.125,0.132,0.138,0.13,0.13,0.135,0.137,0.134
20,3.333333333,0.13,0.13,0.13,0.133,0.129,0.131,0.133,0.136,0.138,0.136,0.144,0.145,0.139,0.133,0.135,0.14,0.134,0.123,0.136,0.137,0.12,0.133,0.139,0.132,0.132,0.123,0.145,0.137,0.139,0.151,0.149,0.148,0.144,0.137,0.089,0.087,0.127,0.127,0.126,0.133,0.135,0.131,0.129,0.133,0.137,0.134
30,5,0.133,0.133,0.134,0.136,0.132,0.134,0.136,0.14,0.143,0.14,0.15,0.15,0.144,0.136,0.14,0.146,0.137,0.127,0.142,0.141,0.124,0.14,0.142,0.135,0.133,0.127,0.151,0.142,0.145,0.157,0.154,0.153,0.147,0.14,0.089,0.087,0.129,0.128,0.127,0.135,0.14,0.135,0.132,0.136,0.14,0.136
40,6.666666667,0.137,0.137,0.138,0.139,0.136,0.139,0.141,0.147,0.146,0.146,0.156,0.158,0.151,0.141,0.146,0.152,0.142,0.132,0.148,0.145,0.128,0.145,0.148,0.136,0.136,0.13,0.156,0.148,0.152,0.163,0.16,0.16,0.151,0.146,0.089,0.087,0.131,0.135,0.13,0.14,0.149,0.142,0.137,0.146,0.146,0.14
50,8.333333333,0.141,0.142,0.143,0.145,0.141,0.146,0.15,0.157,0.148,0.153,0.159,0.167,0.16,0.148,0.154,0.163,0.146,0.14,0.154,0.149,0.132,0.148,0.153,0.139,0.141,0.139,0.159,0.152,0.157,0.169,0.166,0.168,0.157,0.16,0.09,0.087,0.14,0.15,0.14,0.15,0.161,0.152,0.146,0.158,0.16,0.148
60,10,0.146,0.148,0.15,0.152,0.147,0.15,0.163,0.167,0.151,0.158,0.164,0.173,0.165,0.156,0.165,0.178,0.156,0.146,0.159,0.153,0.137,0.152,0.158,0.142,0.147,0.151,0.163,0.157,0.162,0.176,0.173,0.174,0.164,0.17,0.089,0.087,0.152,0.157,0.151,0.161,0.168,0.163,0.154,0.166,0.174,0.162
70,11.66666667,0.154,0.156,0.158,0.16,0.154,0.157,0.172,0.175,0.157,0.164,0.171,0.18,0.171,0.166,0.177,0.188,0.169,0.152,0.165,0.16,0.142,0.157,0.164,0.148,0.154,0.16,0.169,0.163,0.167,0.182,0.18,0.181,0.171,0.179,0.09,0.087,0.16,0.162,0.157,0.169,0.176,0.172,0.161,0.174,0.183,0.172
80,13.33333333,0.162,0.164,0.166,0.167,0.16,0.164,0.183,0.182,0.16,0.17,0.179,0.187,0.179,0.177,0.188,0.198,0.178,0.158,0.171,0.166,0.148,0.163,0.17,0.153,0.163,0.166,0.175,0.169,0.173,0.189,0.187,0.188,0.179,0.188,0.089,0.087,0.165,0.168,0.163,0.177,0.184,0.181,0.169,0.184,0.192,0.179
90,15,0.169,0.17,0.173,0.175,0.168,0.171,0.19,0.191,0.164,0.179,0.189,0.196,0.189,0.189,0.198,0.209,0.187,0.166,0.178,0.175,0.154,0.171,0.178,0.161,0.171,0.174,0.183,0.176,0.179,0.197,0.196,0.197,0.188,0.199,0.089,0.088,0.171,0.176,0.17,0.184,0.194,0.191,0.179,0.194,0.202,0.186
100,16.66666667,0.177,0.177,0.179,0.182,0.175,0.177,0.199,0.199,0.168,0.185,0.197,0.205,0.198,0.2,0.207,0.223,0.196,0.172,0.185,0.182,0.16,0.177,0.187,0.169,0.178,0.184,0.189,0.182,0.186,0.205,0.204,0.207,0.197,0.212,0.089,0.088,0.183,0.185,0.179,0.193,0.205,0.202,0.19,0.205,0.213,0.195
110,18.33333333,0.189,0.186,0.187,0.19,0.18,0.184,0.209,0.209,0.172,0.196,0.206,0.216,0.209,0.213,0.218,0.237,0.206,0.179,0.196,0.19,0.17,0.186,0.197,0.175,0.186,0.194,0.197,0.191,0.196,0.215,0.214,0.218,0.207,0.223,0.089,0.088,0.193,0.195,0.19,0.203,0.218,0.212,0.201,0.216,0.225,0.206
120,20,0.201,0.197,0.196,0.199,0.189,0.192,0.219,0.221,0.178,0.208,0.216,0.229,0.22,0.226,0.229,0.252,0.22,0.186,0.207,0.2,0.179,0.198,0.209,0.184,0.195,0.205,0.206,0.2,0.205,0.224,0.224,0.229,0.219,0.236,0.089,0.088,0.204,0.207,0.201,0.213,0.23,0.224,0.213,0.228,0.238,0.219
130,21.66666667,0.213,0.208,0.206,0.209,0.198,0.201,0.234,0.233,0.184,0.221,0.23,0.242,0.234,0.241,0.241,0.266,0.234,0.2,0.221,0.211,0.189,0.21,0.221,0.193,0.205,0.217,0.217,0.211,0.216,0.234,0.236,0.241,0.23,0.25,0.089,0.088,0.215,0.22,0.213,0.225,0.245,0.235,0.226,0.24,0.251,0.233
140,23.33333333,0.228,0.221,0.217,0.221,0.207,0.211,0.246,0.242,0.193,0.234,0.244,0.255,0.246,0.255,0.256,0.28,0.247,0.209,0.232,0.224,0.192,0.223,0.233,0.205,0.215,0.228,0.227,0.222,0.227,0.245,0.247,0.254,0.242,0.264,0.089,0.088,0.227,0.234,0.225,0.234,0.257,0.247,0.24,0.252,0.265,0.248
150,25,0.241,0.235,0.23,0.234,0.219,0.224,0.256,0.253,0.202,0.247,0.258,0.268,0.26,0.27,0.272,0.295,0.26,0.223,0.245,0.238,0.193,0.237,0.248,0.216,0.226,0.239,0.238,0.233,0.238,0.258,0.258,0.266,0.255,0.277,0.089,0.089,0.238,0.246,0.237,0.246,0.27,0.259,0.253,0.265,0.279,0.263
160,26.66666667,0.256,0.248,0.242,0.247,0.23,0.235,0.264,0.261,0.213,0.258,0.27,0.28,0.271,0.282,0.287,0.308,0.272,0.234,0.257,0.253,0.194,0.249,0.26,0.23,0.237,0.25,0.249,0.244,0.249,0.269,0.267,0.277,0.267,0.29,0.089,0.089,0.25,0.258,0.249,0.258,0.281,0.272,0.266,0.277,0.291,0.278
170,28.33333333,0.268,0.26,0.255,0.261,0.243,0.249,0.274,0.271,0.222,0.271,0.284,0.294,0.283,0.295,0.301,0.322,0.283,0.247,0.268,0.267,0.197,0.263,0.272,0.241,0.25,0.26,0.259,0.254,0.258,0.282,0.277,0.289,0.281,0.303,0.09,0.089,0.263,0.269,0.261,0.272,0.292,0.285,0.279,0.289,0.303,0.292
180,30,0.282,0.272,0.269,0.274,0.256,0.263,0.284,0.282,0.237,0.283,0.298,0.306,0.295,0.308,0.315,0.334,0.296,0.258,0.279,0.283,0.201,0.276,0.284,0.255,0.263,0.268,0.27,0.264,0.267,0.292,0.285,0.3,0.293,0.315,0.09,0.089,0.273,0.281,0.272,0.282,0.302,0.297,0.29,0.299,0.314,0.306
190,31.66666667,0.295,0.286,0.281,0.287,0.268,0.276,0.296,0.294,0.25,0.294,0.311,0.319,0.306,0.32,0.327,0.346,0.307,0.272,0.291,0.296,0.209,0.288,0.296,0.269,0.277,0.277,0.28,0.274,0.277,0.303,0.294,0.31,0.305,0.328,0.089,0.089,0.284,0.293,0.284,0.295,0.314,0.31,0.302,0.311,0.326,0.318
200,33.33333333,0.306,0.296,0.295,0.301,0.282,0.29,0.307,0.308,0.261,0.306,0.324,0.332,0.317,0.332,0.339,0.358,0.318,0.286,0.301,0.31,0.217,0.302,0.307,0.281,0.29,0.286,0.289,0.283,0.286,0.314,0.303,0.322,0.318,0.339,0.089,0.089,0.295,0.304,0.295,0.307,0.324,0.323,0.314,0.322,0.337,0.331
210,35,0.318,0.308,0.307,0.313,0.298,0.305,0.319,0.319,0.279,0.316,0.336,0.343,0.328,0.344,0.35,0.371,0.329,0.296,0.311,0.326,0.225,0.314,0.318,0.297,0.307,0.294,0.299,0.29,0.292,0.324,0.31,0.331,0.329,0.348,0.089,0.089,0.306,0.314,0.305,0.318,0.333,0.333,0.324,0.332,0.347,0.343
220,36.66666667,0.332,0.322,0.32,0.326,0.309,0.32,0.331,0.331,0.294,0.327,0.347,0.356,0.34,0.354,0.362,0.385,0.34,0.31,0.323,0.34,0.236,0.324,0.329,0.31,0.322,0.302,0.306,0.299,0.302,0.334,0.318,0.341,0.341,0.358,0.089,0.089,0.317,0.325,0.316,0.33,0.345,0.345,0.335,0.344,0.359,0.355
230,38.33333333,0.343,0.333,0.334,0.34,0.324,0.334,0.342,0.345,0.311,0.34,0.361,0.369,0.352,0.365,0.376,0.398,0.352,0.324,0.335,0.352,0.247,0.336,0.342,0.325,0.337,0.308,0.315,0.306,0.311,0.346,0.327,0.354,0.355,0.37,0.089,0.089,0.329,0.335,0.325,0.342,0.355,0.358,0.346,0.355,0.37,0.368
240,40,0.355,0.345,0.347,0.353,0.338,0.347,0.354,0.357,0.328,0.352,0.374,0.382,0.362,0.376,0.391,0.412,0.363,0.335,0.347,0.365,0.258,0.348,0.353,0.338,0.352,0.315,0.322,0.315,0.319,0.357,0.336,0.365,0.367,0.383,0.089,0.089,0.343,0.347,0.337,0.356,0.367,0.37,0.357,0.367,0.383,0.381
250,41.66666667,0.369,0.357,0.361,0.368,0.352,0.362,0.365,0.368,0.346,0.364,0.388,0.395,0.376,0.388,0.405,0.427,0.377,0.347,0.358,0.38,0.27,0.362,0.368,0.353,0.368,0.324,0.329,0.323,0.327,0.367,0.344,0.376,0.38,0.397,0.089,0.089,0.354,0.361,0.347,0.368,0.379,0.382,0.369,0.381,0.396,0.394
260,43.33333333,0.382,0.371,0.374,0.382,0.364,0.377,0.378,0.381,0.363,0.378,0.402,0.41,0.389,0.402,0.421,0.442,0.388,0.361,0.371,0.393,0.285,0.373,0.38,0.367,0.383,0.333,0.337,0.331,0.337,0.379,0.353,0.388,0.392,0.411,0.089,0.089,0.367,0.374,0.358,0.382,0.392,0.395,0.381,0.394,0.41,0.408
270,45,0.396,0.384,0.387,0.397,0.38,0.39,0.392,0.396,0.378,0.39,0.415,0.424,0.402,0.414,0.436,0.458,0.402,0.373,0.384,0.408,0.301,0.389,0.394,0.381,0.399,0.343,0.344,0.339,0.345,0.389,0.363,0.398,0.406,0.425,0.089,0.089,0.381,0.39,0.372,0.396,0.403,0.408,0.394,0.407,0.424,0.422
280,46.66666667,0.41,0.398,0.402,0.412,0.393,0.405,0.407,0.414,0.396,0.404,0.43,0.438,0.416,0.428,0.451,0.474,0.415,0.385,0.397,0.421,0.32,0.403,0.406,0.397,0.416,0.351,0.352,0.346,0.354,0.401,0.371,0.408,0.419,0.44,0.089,0.089,0.395,0.402,0.383,0.41,0.416,0.421,0.407,0.419,0.439,0.436
290,48.33333333,0.424,0.411,0.416,0.425,0.408,0.418,0.425,0.433,0.41,0.418,0.445,0.452,0.428,0.441,0.467,0.491,0.428,0.399,0.41,0.436,0.337,0.415,0.419,0.412,0.431,0.361,0.36,0.357,0.364,0.406,0.38,0.417,0.432,0.455,0.089,0.089,0.407,0.414,0.397,0.424,0.428,0.435,0.421,0.429,0.453,0.451
300,50,0.438,0.424,0.431,0.44,0.423,0.433,0.441,0.45,0.427,0.432,0.458,0.468,0.443,0.455,0.482,0.507,0.442,0.413,0.423,0.448,0.353,0.432,0.432,0.425,0.446,0.373,0.368,0.366,0.372,0.415,0.389,0.425,0.444,0.469,0.089,0.089,0.422,0.429,0.411,0.438,0.44,0.448,0.434,0.441,0.466,0.467
310,51.66666667,0.455,0.442,0.448,0.459,0.436,0.453,0.457,0.468,0.445,0.447,0.475,0.483,0.46,0.47,0.498,0.523,0.458,0.427,0.438,0.465,0.37,0.447,0.449,0.442,0.463,0.383,0.378,0.375,0.381,0.427,0.399,0.437,0.459,0.484,0.089,0.089,0.437,0.445,0.425,0.453,0.458,0.464,0.449,0.458,0.484,0.482
320,53.33333333,0.469,0.455,0.46,0.472,0.45,0.463,0.474,0.485,0.461,0.459,0.489,0.498,0.472,0.484,0.515,0.539,0.47,0.438,0.451,0.479,0.385,0.46,0.461,0.457,0.479,0.392,0.386,0.384,0.391,0.433,0.408,0.446,0.474,0.499,0.089,0.089,0.45,0.46,0.439,0.466,0.47,0.477,0.462,0.473,0.498,0.496
330,55,0.485,0.47,0.472,0.485,0.462,0.478,0.491,0.502,0.475,0.472,0.501,0.513,0.486,0.498,0.53,0.554,0.486,0.451,0.464,0.495,0.4,0.476,0.475,0.469,0.495,0.401,0.394,0.393,0.4,0.441,0.417,0.455,0.488,0.515,0.09,0.089,0.465,0.475,0.454,0.48,0.482,0.49,0.476,0.486,0.513,0.512
340,56.66666667,0.503,0.488,0.49,0.502,0.477,0.496,0.51,0.522,0.49,0.489,0.517,0.528,0.5,0.513,0.548,0.569,0.501,0.467,0.48,0.507,0.418,0.492,0.489,0.485,0.511,0.411,0.404,0.403,0.41,0.454,0.427,0.462,0.499,0.531,0.09,0.089,0.479,0.489,0.47,0.495,0.494,0.504,0.492,0.5,0.529,0.528
350,58.33333333,0.52,0.502,0.508,0.519,0.492,0.514,0.524,0.538,0.506,0.5,0.53,0.543,0.514,0.528,0.565,0.588,0.518,0.48,0.496,0.526,0.434,0.507,0.503,0.501,0.528,0.421,0.414,0.412,0.418,0.459,0.435,0.476,0.515,0.547,0.09,0.089,0.494,0.508,0.485,0.511,0.51,0.519,0.507,0.516,0.547,0.543
360,60,0.534,0.518,0.521,0.535,0.508,0.533,0.537,0.557,0.524,0.518,0.548,0.557,0.529,0.544,0.58,0.604,0.533,0.494,0.51,0.537,0.451,0.519,0.519,0.519,0.544,0.428,0.42,0.419,0.428,0.47,0.444,0.485,0.528,0.562,0.089,0.089,0.51,0.521,0.499,0.523,0.523,0.535,0.524,0.529,0.562,0.559
370,61.66666667,0.551,0.531,0.537,0.548,0.524,0.548,0.555,0.571,0.541,0.533,0.56,0.572,0.542,0.559,0.598,0.62,0.547,0.506,0.527,0.55,0.466,0.538,0.531,0.535,0.558,0.439,0.428,0.43,0.435,0.475,0.453,0.494,0.54,0.577,0.089,0.089,0.525,0.54,0.514,0.541,0.531,0.549,0.537,0.545,0.579,0.574
380,63.33333333,0.565,0.545,0.55,0.563,0.539,0.561,0.566,0.581,0.552,0.546,0.573,0.588,0.552,0.576,0.612,0.635,0.558,0.519,0.541,0.564,0.482,0.551,0.547,0.55,0.575,0.445,0.438,0.438,0.444,0.483,0.461,0.494,0.556,0.594,0.089,0.089,0.538,0.553,0.529,0.551,0.55,0.564,0.553,0.56,0.595,0.59
390,65,0.581,0.561,0.565,0.582,0.556,0.579,0.584,0.595,0.568,0.561,0.586,0.602,0.57,0.592,0.628,0.649,0.576,0.533,0.556,0.581,0.498,0.568,0.559,0.563,0.59,0.453,0.446,0.447,0.453,0.486,0.47,0.5,0.57,0.61,0.089,0.089,0.554,0.57,0.545,0.568,0.559,0.579,0.571,0.575,0.611,0.606
400,66.66666667,0.595,0.573,0.58,0.596,0.569,0.59,0.603,0.606,0.581,0.575,0.599,0.62,0.58,0.607,0.644,0.663,0.586,0.546,0.572,0.594,0.513,0.58,0.577,0.576,0.607,0.46,0.451,0.455,0.461,0.491,0.48,0.502,0.586,0.625,0.089,0.089,0.567,0.584,0.559,0.583,0.575,0.594,0.585,0.589,0.626,0.622
410,68.33333333,0.611,0.586,0.593,0.611,0.585,0.607,0.621,0.622,0.595,0.589,0.613,0.633,0.596,0.622,0.658,0.678,0.6,0.56,0.586,0.608,0.528,0.594,0.59,0.589,0.624,0.468,0.457,0.463,0.469,0.495,0.487,0.505,0.599,0.639,0.089,0.089,0.581,0.601,0.574,0.596,0.59,0.606,0.599,0.605,0.64,0.638
420,70,0.625,0.601,0.608,0.629,0.598,0.623,0.625,0.633,0.609,0.604,0.624,0.645,0.612,0.637,0.671,0.69,0.613,0.574,0.601,0.622,0.544,0.611,0.601,0.603,0.638,0.472,0.46,0.472,0.476,0.498,0.494,0.51,0.612,0.653,0.089,0.089,0.596,0.615,0.585,0.612,0.604,0.621,0.613,0.62,0.654,0.651
430,71.66666667,0.641,0.616,0.62,0.641,0.612,0.634,0.643,0.646,0.62,0.617,0.637,0.657,0.623,0.648,0.682,0.701,0.625,0.587,0.617,0.634,0.558,0.63,0.617,0.616,0.652,0.477,0.467,0.479,0.48,0.501,0.499,0.512,0.626,0.667,0.089,0.089,0.607,0.628,0.599,0.627,0.615,0.632,0.629,0.634,0.666,0.666
440,73.33333333,0.66,0.63,0.633,0.653,0.625,0.647,0.642,0.658,0.634,0.632,0.651,0.667,0.64,0.662,0.693,0.711,0.639,0.6,0.627,0.646,0.573,0.643,0.628,0.628,0.668,0.481,0.471,0.484,0.485,0.506,0.505,0.513,0.643,0.681,0.089,0.089,0.623,0.642,0.611,0.638,0.627,0.643,0.641,0.645,0.68,0.679
450,75,0.675,0.641,0.645,0.666,0.637,0.658,0.655,0.662,0.644,0.643,0.66,0.679,0.651,0.674,0.705,0.724,0.645,0.61,0.641,0.656,0.585,0.653,0.64,0.639,0.68,0.486,0.473,0.487,0.49,0.508,0.509,0.513,0.655,0.693,0.089,0.089,0.639,0.653,0.622,0.65,0.638,0.652,0.653,0.657,0.693,0.691
460,76.66666667,0.685,0.654,0.658,0.678,0.648,0.667,0.67,0.663,0.658,0.657,0.671,0.693,0.667,0.69,0.719,0.733,0.66,0.625,0.655,0.671,0.599,0.672,0.659,0.65,0.693,0.49,0.479,0.492,0.494,0.511,0.514,0.514,0.667,0.706,0.089,0.089,0.65,0.67,0.636,0.666,0.647,0.665,0.666,0.671,0.705,0.703
470,78.33333333,0.699,0.664,0.668,0.69,0.659,0.68,0.671,0.681,0.666,0.67,0.683,0.703,0.67,0.701,0.726,0.742,0.667,0.638,0.665,0.68,0.61,0.685,0.666,0.663,0.706,0.494,0.481,0.497,0.496,0.514,0.517,0.514,0.674,0.715,0.089,0.089,0.661,0.678,0.647,0.674,0.661,0.672,0.677,0.683,0.719,0.715
480,80,0.709,0.674,0.682,0.703,0.669,0.695,0.688,0.686,0.676,0.679,0.693,0.711,0.685,0.712,0.737,0.751,0.675,0.65,0.679,0.691,0.623,0.693,0.672,0.671,0.721,0.498,0.486,0.5,0.501,0.523,0.523,0.517,0.689,0.725,0.089,0.089,0.677,0.694,0.657,0.684,0.67,0.679,0.688,0.691,0.73,0.727
490,81.66666667,0.717,0.686,0.696,0.714,0.685,0.708,0.707,0.702,0.686,0.692,0.707,0.723,0.696,0.728,0.753,0.765,0.69,0.661,0.688,0.703,0.636,0.702,0.691,0.689,0.736,0.505,0.49,0.507,0.507,0.528,0.526,0.518,0.704,0.735,0.09,0.089,0.686,0.704,0.668,0.698,0.68,0.693,0.703,0.7,0.742,0.738
500,83.33333333,0.73,0.697,0.708,0.723,0.692,0.713,0.7,0.713,0.694,0.699,0.714,0.729,0.708,0.73,0.756,0.769,0.697,0.67,0.701,0.709,0.646,0.717,0.698,0.692,0.745,0.51,0.495,0.511,0.508,0.532,0.527,0.52,0.712,0.744,0.089,0.089,0.695,0.719,0.68,0.706,0.689,0.699,0.712,0.711,0.751,0.75
510,85,0.739,0.711,0.72,0.733,0.708,0.728,0.717,0.727,0.705,0.714,0.728,0.741,0.716,0.751,0.776,0.78,0.711,0.682,0.712,0.721,0.657,0.723,0.709,0.709,0.76,0.515,0.498,0.518,0.514,0.539,0.533,0.524,0.724,0.755,0.089,0.089,0.706,0.727,0.693,0.724,0.701,0.713,0.722,0.721,0.762,0.758
520,86.66666667,0.748,0.718,0.731,0.743,0.714,0.736,0.72,0.719,0.716,0.72,0.737,0.746,0.729,0.748,0.777,0.785,0.719,0.69,0.72,0.727,0.669,0.74,0.718,0.715,0.767,0.52,0.499,0.521,0.514,0.543,0.534,0.525,0.722,0.772,0.089,0.089,0.717,0.735,0.695,0.729,0.711,0.72,0.728,0.734,0.772,0.768
530,88.33333333,0.757,0.726,0.742,0.75,0.727,0.749,0.733,0.74,0.722,0.734,0.746,0.755,0.735,0.76,0.79,0.794,0.728,0.7,0.732,0.737,0.677,0.744,0.732,0.726,0.778,0.524,0.502,0.524,0.52,0.547,0.539,0.53,0.734,0.776,0.089,0.089,0.722,0.745,0.71,0.748,0.714,0.73,0.742,0.744,0.783,0.778
540,90,0.769,0.737,0.751,0.756,0.731,0.75,0.737,0.748,0.725,0.74,0.753,0.758,0.739,0.763,0.797,0.799,0.738,0.707,0.741,0.745,0.683,0.755,0.741,0.735,0.789,0.529,0.506,0.53,0.525,0.551,0.543,0.532,0.739,0.78,0.089,0.089,0.729,0.755,0.714,0.75,0.718,0.739,0.739,0.755,0.79,0.783
550,91.66666667,0.778,0.743,0.757,0.762,0.742,0.756,0.75,0.744,0.731,0.748,0.76,0.771,0.749,0.775,0.804,0.81,0.744,0.717,0.745,0.751,0.693,0.765,0.75,0.746,0.793,0.534,0.509,0.531,0.528,0.553,0.547,0.534,0.744,0.791,0.089,0.089,0.737,0.761,0.721,0.762,0.732,0.747,0.751,0.762,0.801,0.79
560,93.33333333,0.784,0.757,0.764,0.774,0.75,0.765,0.778,0.757,0.744,0.754,0.77,0.776,0.76,0.777,0.808,0.815,0.753,0.722,0.752,0.756,0.705,0.773,0.752,0.748,0.802,0.536,0.511,0.531,0.529,0.556,0.55,0.534,0.748,0.804,0.089,0.089,0.747,0.771,0.735,0.773,0.75,0.756,0.767,0.773,0.808,0.799
570,95,0.797,0.763,0.776,0.779,0.757,0.772,0.768,0.772,0.747,0.762,0.777,0.779,0.764,0.783,0.822,0.821,0.762,0.73,0.764,0.768,0.711,0.783,0.762,0.76,0.815,0.542,0.514,0.536,0.535,0.562,0.554,0.537,0.757,0.807,0.09,0.089,0.754,0.779,0.74,0.778,0.747,0.764,0.769,0.781,0.815,0.806
580,96.66666667,0.804,0.777,0.786,0.791,0.771,0.778,0.776,0.786,0.759,0.771,0.785,0.794,0.777,0.791,0.829,0.832,0.77,0.735,0.771,0.777,0.72,0.786,0.77,0.767,0.823,0.546,0.517,0.54,0.538,0.566,0.559,0.539,0.768,0.816,0.089,0.089,0.758,0.787,0.746,0.786,0.75,0.771,0.78,0.792,0.823,0.811
590,98.33333333,0.812,0.784,0.791,0.797,0.778,0.785,0.785,0.802,0.767,0.778,0.794,0.8,0.783,0.799,0.837,0.834,0.772,0.747,0.78,0.78,0.73,0.789,0.771,0.777,0.831,0.544,0.519,0.544,0.538,0.567,0.562,0.546,0.779,0.825,0.089,0.089,0.769,0.788,0.757,0.797,0.762,0.781,0.79,0.796,0.828,0.819
600,100,0.819,0.79,0.799,0.804,0.785,0.797,0.797,0.803,0.773,0.786,0.797,0.8,0.788,0.801,0.843,0.843,0.778,0.749,0.787,0.788,0.736,0.797,0.783,0.782,0.832,0.55,0.523,0.549,0.542,0.573,0.566,0.541,0.777,0.833,0.089,0.089,0.779,0.799,0.758,0.809,0.774,0.789,0.795,0.808,0.835,0.828
610,101.6666667,0.826,0.799,0.805,0.811,0.796,0.803,0.798,0.807,0.784,0.797,0.811,0.816,0.802,0.818,0.857,0.848,0.792,0.759,0.792,0.793,0.745,0.804,0.794,0.794,0.841,0.555,0.526,0.552,0.548,0.579,0.57,0.548,0.79,0.841,0.09,0.089,0.782,0.805,0.766,0.809,0.778,0.795,0.803,0.813,0.844,0.832
620,103.3333333,0.831,0.806,0.812,0.821,0.796,0.808,0.829,0.835,0.79,0.802,0.81,0.822,0.805,0.817,0.859,0.854,0.795,0.771,0.796,0.801,0.751,0.808,0.805,0.8,0.848,0.557,0.53,0.557,0.55,0.582,0.574,0.553,0.794,0.849,0.09,0.089,0.788,0.809,0.779,0.82,0.788,0.801,0.813,0.815,0.853,0.84
630,105,0.845,0.812,0.821,0.824,0.809,0.814,0.836,0.832,0.796,0.812,0.822,0.823,0.81,0.826,0.87,0.859,0.801,0.775,0.806,0.81,0.758,0.818,0.812,0.807,0.855,0.561,0.532,0.561,0.554,0.584,0.579,0.556,0.802,0.855,0.09,0.089,0.794,0.819,0.783,0.823,0.79,0.806,0.817,0.825,0.856,0.845
640,106.6666667,0.848,0.818,0.824,0.833,0.82,0.817,0.815,0.836,0.8,0.815,0.823,0.834,0.821,0.833,0.872,0.866,0.81,0.78,0.813,0.815,0.764,0.828,0.817,0.813,0.86,0.568,0.535,0.563,0.556,0.589,0.58,0.559,0.808,0.858,0.089,0.089,0.8,0.827,0.785,0.83,0.791,0.815,0.817,0.829,0.862,0.85
650,108.3333333,0.856,0.825,0.828,0.835,0.826,0.822,0.829,0.85,0.808,0.822,0.831,0.838,0.826,0.842,0.879,0.867,0.814,0.789,0.822,0.82,0.769,0.834,0.822,0.821,0.864,0.569,0.539,0.567,0.559,0.59,0.586,0.56,0.816,0.862,0.089,0.089,0.806,0.829,0.792,0.835,0.792,0.82,0.827,0.832,0.867,0.855
660,110,0.862,0.833,0.837,0.837,0.827,0.829,0.853,0.868,0.811,0.834,0.84,0.843,0.836,0.853,0.885,0.872,0.823,0.796,0.822,0.826,0.773,0.832,0.835,0.827,0.87,0.573,0.542,0.572,0.562,0.591,0.589,0.563,0.825,0.867,0.089,0.089,0.808,0.835,0.795,0.837,0.798,0.825,0.839,0.831,0.87,0.859
670,111.6666667,0.869,0.838,0.842,0.844,0.84,0.836,0.86,0.878,0.821,0.841,0.847,0.851,0.845,0.857,0.888,0.879,0.835,0.802,0.833,0.831,0.778,0.841,0.837,0.832,0.874,0.576,0.547,0.576,0.567,0.601,0.595,0.57,0.825,0.873,0.089,0.089,0.809,0.839,0.801,0.847,0.812,0.831,0.847,0.842,0.877,0.863
680,113.3333333,0.873,0.843,0.847,0.851,0.844,0.838,0.846,0.854,0.827,0.841,0.848,0.849,0.846,0.862,0.899,0.885,0.836,0.81,0.836,0.839,0.785,0.848,0.842,0.84,0.883,0.582,0.547,0.579,0.568,0.6,0.598,0.569,0.831,0.882,0.089,0.089,0.817,0.847,0.804,0.848,0.818,0.831,0.849,0.839,0.88,0.869
690,115,0.879,0.847,0.849,0.85,0.847,0.839,0.871,0.863,0.83,0.848,0.855,0.854,0.853,0.866,0.903,0.893,0.844,0.816,0.841,0.847,0.79,0.854,0.849,0.846,0.888,0.584,0.552,0.583,0.572,0.607,0.604,0.573,0.834,0.884,0.089,0.089,0.821,0.85,0.813,0.854,0.826,0.838,0.856,0.848,0.885,0.874
700,116.6666667,0.882,0.858,0.856,0.859,0.855,0.843,0.855,0.873,0.836,0.853,0.856,0.852,0.859,0.871,0.91,0.899,0.849,0.821,0.847,0.847,0.798,0.856,0.854,0.851,0.891,0.59,0.553,0.586,0.576,0.607,0.608,0.576,0.844,0.891,0.09,0.089,0.829,0.857,0.815,0.861,0.835,0.844,0.858,0.849,0.89,0.88
710,118.3333333,0.889,0.856,0.861,0.864,0.864,0.847,0.882,0.869,0.84,0.862,0.861,0.86,0.866,0.877,0.909,0.903,0.857,0.825,0.848,0.853,0.803,0.861,0.859,0.856,0.894,0.592,0.558,0.59,0.58,0.61,0.612,0.577,0.846,0.895,0.09,0.089,0.833,0.863,0.823,0.865,0.835,0.849,0.87,0.853,0.895,0.884
720,120,0.894,0.867,0.867,0.865,0.86,0.853,0.871,0.867,0.847,0.861,0.864,0.862,0.865,0.88,0.917,0.906,0.856,0.831,0.857,0.856,0.807,0.867,0.865,0.857,0.899,0.599,0.56,0.597,0.583,0.611,0.616,0.583,0.849,0.9,0.089,0.09,0.84,0.869,0.823,0.871,0.842,0.859,0.87,0.857,0.899,0.886
730,121.6666667,0.895,0.872,0.871,0.877,0.867,0.863,0.882,0.872,0.852,0.867,0.871,0.867,0.87,0.884,0.923,0.911,0.863,0.834,0.863,0.86,0.812,0.867,0.875,0.861,0.904,0.603,0.564,0.6,0.587,0.613,0.62,0.585,0.853,0.904,0.089,0.089,0.841,0.874,0.83,0.877,0.846,0.862,0.874,0.862,0.902,0.892
740,123.3333333,0.904,0.877,0.876,0.877,0.883,0.874,0.89,0.88,0.861,0.875,0.876,0.876,0.883,0.89,0.927,0.917,0.868,0.84,0.864,0.865,0.818,0.873,0.877,0.866,0.908,0.608,0.566,0.602,0.589,0.615,0.624,0.588,0.857,0.909,0.089,0.089,0.847,0.878,0.836,0.881,0.85,0.866,0.878,0.866,0.906,0.899
750,125,0.909,0.884,0.879,0.884,0.882,0.878,0.88,0.88,0.863,0.878,0.88,0.878,0.871,0.894,0.935,0.919,0.873,0.845,0.867,0.871,0.824,0.876,0.884,0.872,0.913,0.611,0.571,0.608,0.594,0.621,0.629,0.594,0.861,0.913,0.089,0.089,0.851,0.884,0.838,0.887,0.853,0.871,0.883,0.869,0.91,0.898
760,126.6666667,0.908,0.885,0.884,0.886,0.892,0.878,0.878,0.884,0.868,0.885,0.883,0.88,0.891,0.901,0.937,0.922,0.881,0.848,0.874,0.871,0.827,0.882,0.888,0.876,0.916,0.614,0.573,0.611,0.597,0.624,0.632,0.595,0.865,0.918,0.089,0.089,0.853,0.885,0.839,0.892,0.861,0.876,0.886,0.873,0.913,0.901
770,128.3333333,0.912,0.889,0.888,0.893,0.898,0.883,0.886,0.888,0.865,0.889,0.89,0.891,0.891,0.907,0.941,0.927,0.887,0.853,0.874,0.879,0.832,0.883,0.888,0.88,0.917,0.615,0.577,0.616,0.601,0.624,0.634,0.598,0.866,0.923,0.089,0.089,0.86,0.891,0.844,0.893,0.863,0.88,0.893,0.876,0.916,0.905
780,130,0.918,0.89,0.889,0.903,0.9,0.885,0.883,0.887,0.871,0.898,0.89,0.901,0.895,0.91,0.94,0.929,0.892,0.856,0.881,0.882,0.838,0.89,0.893,0.883,0.922,0.62,0.58,0.622,0.605,0.63,0.64,0.605,0.87,0.923,0.089,0.089,0.861,0.897,0.845,0.899,0.871,0.884,0.897,0.882,0.917,0.911
790,131.6666667,0.921,0.897,0.896,0.907,0.903,0.891,0.888,0.897,0.88,0.9,0.897,0.901,0.895,0.915,0.944,0.931,0.897,0.86,0.883,0.886,0.847,0.893,0.895,0.887,0.926,0.625,0.584,0.627,0.61,0.633,0.644,0.609,0.882,0.93,0.089,0.089,0.867,0.899,0.845,0.903,0.868,0.887,0.899,0.883,0.919,0.914
800,133.3333333,0.923,0.905,0.906,0.91,0.91,0.897,0.894,0.898,0.876,0.908,0.901,0.897,0.9,0.921,0.956,0.936,0.9,0.867,0.888,0.892,0.847,0.898,0.904,0.89,0.93,0.629,0.588,0.631,0.614,0.637,0.648,0.614,0.883,0.932,0.089,0.089,0.869,0.902,0.85,0.906,0.871,0.894,0.907,0.887,0.926,0.915
810,135,0.933,0.905,0.905,0.918,0.913,0.897,0.895,0.907,0.879,0.916,0.909,0.912,0.917,0.921,0.955,0.935,0.904,0.867,0.891,0.891,0.853,0.899,0.906,0.892,0.93,0.632,0.591,0.635,0.615,0.643,0.651,0.621,0.889,0.933,0.089,0.089,0.871,0.909,0.856,0.913,0.877,0.895,0.904,0.89,0.927,0.918
820,136.6666667,0.932,0.911,0.912,0.923,0.914,0.904,0.898,0.904,0.883,0.915,0.905,0.912,0.914,0.924,0.959,0.939,0.907,0.87,0.896,0.895,0.857,0.9,0.912,0.895,0.932,0.636,0.594,0.639,0.619,0.642,0.657,0.622,0.893,0.935,0.089,0.089,0.878,0.912,0.854,0.915,0.878,0.901,0.904,0.895,0.93,0.919
830,138.3333333,0.939,0.911,0.913,0.924,0.924,0.908,0.904,0.909,0.89,0.921,0.901,0.919,0.918,0.926,0.96,0.938,0.909,0.874,0.899,0.897,0.86,0.904,0.915,0.898,0.935,0.641,0.598,0.641,0.623,0.649,0.66,0.626,0.896,0.939,0.09,0.089,0.881,0.915,0.861,0.918,0.883,0.906,0.913,0.897,0.933,0.923
840,140,0.942,0.915,0.914,0.93,0.923,0.913,0.908,0.909,0.889,0.924,0.91,0.927,0.916,0.925,0.963,0.941,0.912,0.874,0.903,0.899,0.868,0.905,0.921,0.896,0.937,0.648,0.6,0.645,0.63,0.65,0.665,0.631,0.901,0.941,0.089,0.089,0.884,0.917,0.86,0.923,0.888,0.905,0.912,0.894,0.935,0.923
850,141.6666667,0.942,0.922,0.917,0.934,0.932,0.917,0.912,0.912,0.893,0.93,0.913,0.923,0.92,0.933,0.968,0.944,0.916,0.879,0.906,0.906,0.869,0.91,0.918,0.905,0.939,0.65,0.603,0.648,0.633,0.654,0.667,0.634,0.901,0.946,0.089,0.089,0.887,0.92,0.864,0.925,0.885,0.91,0.915,0.9,0.938,0.927
860,143.3333333,0.942,0.926,0.913,0.939,0.942,0.915,0.915,0.913,0.894,0.932,0.914,0.936,0.915,0.933,0.968,0.944,0.918,0.878,0.908,0.91,0.869,0.907,0.92,0.903,0.941,0.651,0.605,0.652,0.639,0.654,0.672,0.637,0.908,0.945,0.09,0.089,0.891,0.924,0.87,0.927,0.887,0.912,0.918,0.903,0.94,0.931
870,145,0.948,0.925,0.921,0.94,0.94,0.921,0.922,0.918,0.902,0.934,0.918,0.933,0.925,0.938,0.968,0.947,0.918,0.884,0.914,0.916,0.871,0.915,0.921,0.909,0.942,0.655,0.611,0.655,0.64,0.665,0.675,0.641,0.913,0.951,0.089,0.089,0.893,0.924,0.868,0.926,0.889,0.917,0.924,0.907,0.942,0.935
880,146.6666667,0.949,0.931,0.925,0.948,0.946,0.921,0.921,0.923,0.897,0.936,0.918,0.937,0.925,0.941,0.969,0.945,0.922,0.885,0.913,0.916,0.875,0.919,0.926,0.908,0.944,0.66,0.613,0.658,0.642,0.667,0.678,0.645,0.913,0.953,0.089,0.089,0.895,0.926,0.869,0.933,0.895,0.919,0.929,0.906,0.945,0.939
890,148.3333333,0.954,0.936,0.922,0.951,0.949,0.923,0.924,0.924,0.901,0.94,0.92,0.918,0.939,0.943,0.971,0.949,0.926,0.887,0.92,0.919,0.88,0.918,0.933,0.913,0.947,0.659,0.615,0.662,0.648,0.666,0.682,0.648,0.916,0.956,0.089,0.089,0.895,0.93,0.873,0.933,0.894,0.918,0.922,0.91,0.946,0.938
900,150,0.954,0.938,0.926,0.951,0.948,0.922,0.927,0.927,0.906,0.942,0.92,0.923,0.939,0.943,0.973,0.95,0.927,0.89,0.921,0.924,0.885,0.923,0.938,0.913,0.948,0.661,0.618,0.667,0.65,0.668,0.688,0.652,0.918,0.956,0.089,0.088,0.897,0.935,0.879,0.936,0.9,0.924,0.928,0.912,0.949,0.941
910,151.6666667,0.958,0.94,0.927,0.956,0.953,0.927,0.932,0.928,0.909,0.946,0.92,0.927,0.929,0.948,0.975,0.952,0.931,0.896,0.927,0.929,0.888,0.929,0.941,0.916,0.95,0.666,0.622,0.669,0.655,0.674,0.693,0.656,0.919,0.96,0.089,0.088,0.897,0.935,0.875,0.936,0.9,0.924,0.934,0.912,0.951,0.943
920,153.3333333,0.959,0.94,0.929,0.959,0.949,0.929,0.934,0.933,0.909,0.948,0.923,0.926,0.937,0.946,0.977,0.953,0.935,0.898,0.925,0.927,0.891,0.93,0.944,0.917,0.953,0.67,0.624,0.672,0.659,0.676,0.696,0.659,0.924,0.962,0.089,0.088,0.9,0.937,0.879,0.936,0.901,0.926,0.936,0.914,0.954,0.945
930,155,0.961,0.943,0.933,0.957,0.949,0.929,0.935,0.937,0.915,0.948,0.92,0.926,0.94,0.952,0.977,0.952,0.935,0.903,0.931,0.933,0.893,0.935,0.948,0.921,0.956,0.674,0.628,0.676,0.661,0.678,0.701,0.661,0.925,0.965,0.089,0.087,0.901,0.938,0.879,0.941,0.907,0.933,0.94,0.915,0.954,0.946
940,156.6666667,0.965,0.944,0.935,0.957,0.955,0.93,0.938,0.942,0.915,0.953,0.926,0.924,0.945,0.953,0.981,0.954,0.936,0.902,0.93,0.935,0.895,0.935,0.947,0.921,0.959,0.677,0.631,0.68,0.663,0.68,0.704,0.664,0.927,0.963,0.089,0.087,0.902,0.938,0.879,0.941,0.908,0.933,0.946,0.917,0.958,0.949
950,158.3333333,0.963,0.948,0.935,0.963,0.95,0.933,0.943,0.943,0.918,0.954,0.929,0.932,0.939,0.952,0.982,0.956,0.937,0.905,0.933,0.94,0.896,0.94,0.954,0.923,0.96,0.681,0.635,0.683,0.666,0.686,0.707,0.669,0.932,0.968,0.089,0.087,0.905,0.938,0.882,0.943,0.908,0.929,0.948,0.921,0.958,0.952
960,160,0.968,0.948,0.936,0.966,0.961,0.938,0.944,0.946,0.917,0.959,0.926,0.928,0.953,0.958,0.985,0.958,0.937,0.907,0.931,0.94,0.899,0.942,0.95,0.926,0.966,0.684,0.638,0.687,0.669,0.687,0.712,0.672,0.932,0.966,0.089,0.087,0.904,0.942,0.884,0.946,0.913,0.935,0.95,0.923,0.961,0.954
970,161.6666667,0.969,0.952,0.937,0.967,0.958,0.936,0.946,0.95,0.921,0.96,0.925,0.933,0.948,0.956,0.987,0.957,0.938,0.909,0.931,0.94,0.901,0.944,0.952,0.929,0.966,0.686,0.642,0.691,0.671,0.688,0.716,0.674,0.938,0.968,0.089,0.087,0.906,0.944,0.886,0.946,0.914,0.939,0.952,0.921,0.962,0.955
980,163.3333333,0.972,0.952,0.939,0.968,0.964,0.939,0.948,0.949,0.922,0.964,0.93,0.933,0.96,0.96,0.989,0.959,0.941,0.908,0.932,0.946,0.902,0.944,0.951,0.929,0.968,0.688,0.645,0.693,0.676,0.69,0.718,0.677,0.941,0.968,0.089,0.087,0.907,0.944,0.886,0.949,0.917,0.937,0.952,0.924,0.964,0.956
990,165,0.974,0.951,0.941,0.974,0.969,0.939,0.952,0.955,0.926,0.965,0.93,0.937,0.963,0.96,0.992,0.96,0.945,0.912,0.934,0.948,0.906,0.95,0.954,0.931,0.97,0.692,0.647,0.695,0.679,0.693,0.721,0.682,0.937,0.97,0.089,0.087,0.909,0.949,0.889,0.951,0.918,0.94,0.954,0.925,0.966,0.959
1000,166.6666667,0.974,0.957,0.942,0.976,0.963,0.943,0.956,0.957,0.926,0.968,0.933,0.938,0.953,0.964,0.996,0.962,0.949,0.916,0.94,0.948,0.91,0.954,0.957,0.933,0.971,0.695,0.651,0.701,0.683,0.697,0.726,0.687,0.943,0.972,0.089,0.087,0.911,0.948,0.89,0.951,0.922,0.936,0.959,0.929,0.968,0.959
1010,168.3333333,0.977,0.959,0.941,0.978,0.973,0.942,0.956,0.958,0.929,0.967,0.933,0.935,0.966,0.963,0.995,0.96,0.947,0.916,0.938,0.952,0.912,0.954,0.946,0.936,0.973,0.698,0.654,0.703,0.683,0.696,0.729,0.687,0.945,0.973,0.089,0.087,0.91,0.952,0.891,0.95,0.922,0.942,0.959,0.928,0.967,0.961
1020,170,0.977,0.962,0.943,0.977,0.979,0.945,0.958,0.957,0.93,0.97,0.934,0.937,0.95,0.962,0.995,0.962,0.948,0.92,0.944,0.954,0.912,0.955,0.962,0.937,0.973,0.7,0.657,0.706,0.689,0.701,0.731,0.691,0.949,0.975,0.089,0.087,0.91,0.951,0.892,0.956,0.922,0.941,0.961,0.928,0.968,0.962
1030,171.6666667,0.979,0.961,0.942,0.978,0.968,0.943,0.959,0.96,0.932,0.968,0.93,0.94,0.951,0.967,0.995,0.962,0.951,0.923,0.943,0.954,0.924,0.954,0.954,0.938,0.974,0.704,0.659,0.71,0.688,0.704,0.73,0.693,0.945,0.978,0.089,0.087,0.912,0.954,0.896,0.955,0.923,0.946,0.96,0.928,0.969,0.961
1040,173.3333333,0.981,0.96,0.939,0.98,0.972,0.945,0.962,0.962,0.932,0.972,0.934,0.939,0.958,0.966,0.999,0.963,0.95,0.924,0.944,0.954,0.921,0.958,0.964,0.94,0.975,0.706,0.661,0.712,0.692,0.708,0.737,0.696,0.954,0.977,0.089,0.087,0.911,0.951,0.896,0.959,0.924,0.947,0.964,0.929,0.973,0.964
1050,175,0.982,0.965,0.945,0.982,0.976,0.949,0.964,0.964,0.935,0.974,0.937,0.94,0.963,0.968,1.003,0.965,0.95,0.932,0.949,0.958,0.924,0.961,0.955,0.942,0.978,0.71,0.666,0.715,0.694,0.709,0.739,0.7,0.947,0.981,0.089,0.087,0.914,0.953,0.899,0.96,0.923,0.948,0.959,0.929,0.973,0.966
1060,176.6666667,0.983,0.966,0.945,0.985,0.977,0.949,0.966,0.966,0.935,0.973,0.933,0.941,0.966,0.969,1.002,0.965,0.957,0.927,0.947,0.955,0.923,0.968,0.964,0.944,0.979,0.712,0.667,0.718,0.698,0.713,0.743,0.704,0.952,0.982,0.089,0.087,0.919,0.954,0.898,0.96,0.926,0.95,0.965,0.933,0.974,0.967
1070,178.3333333,0.985,0.966,0.946,0.988,0.979,0.952,0.968,0.968,0.938,0.976,0.933,0.941,0.968,0.971,1.002,0.967,0.957,0.928,0.948,0.958,0.926,0.969,0.961,0.946,0.981,0.714,0.67,0.722,0.702,0.713,0.747,0.707,0.957,0.983,0.089,0.087,0.916,0.956,0.898,0.964,0.925,0.951,0.967,0.933,0.974,0.969
1080,180,0.987,0.966,0.945,0.984,0.975,0.948,0.968,0.968,0.939,0.977,0.935,0.943,0.969,0.972,1.004,0.968,0.958,0.931,0.948,0.958,0.927,0.969,0.963,0.946,0.981,0.716,0.672,0.724,0.701,0.714,0.747,0.707,0.955,0.984,0.089,0.087,0.918,0.961,0.902,0.965,0.925,0.955,0.967,0.931,0.974,0.969
1090,181.6666667,0.988,0.965,0.947,0.988,0.982,0.95,0.97,0.968,0.94,0.978,0.936,0.939,0.965,0.972,1.006,0.968,0.96,0.933,0.951,0.961,0.93,0.972,0.971,0.948,0.982,0.719,0.674,0.727,0.706,0.717,0.751,0.712,0.96,0.987,0.089,0.087,0.918,0.958,0.901,0.967,0.927,0.952,0.973,0.934,0.978,0.972
1100,183.3333333,0.988,0.973,0.952,0.989,0.983,0.952,0.972,0.968,0.938,0.981,0.942,0.949,0.971,0.975,1.011,0.969,0.962,0.938,0.955,0.962,0.933,0.97,0.965,0.95,0.983,0.722,0.679,0.728,0.707,0.718,0.75,0.712,0.954,0.988,0.09,0.087,0.916,0.964,0.904,0.972,0.93,0.951,0.969,0.933,0.978,0.972
1110,185,0.992,0.97,0.951,0.989,0.984,0.951,0.976,0.973,0.941,0.981,0.936,0.945,0.968,0.98,1.008,0.971,0.964,0.935,0.953,0.966,0.933,0.974,0.972,0.951,0.984,0.725,0.68,0.732,0.713,0.722,0.755,0.717,0.957,0.99,0.089,0.087,0.919,0.96,0.906,0.97,0.932,0.954,0.975,0.935,0.981,0.975
1120,186.6666667,0.994,0.97,0.947,0.996,0.987,0.949,0.976,0.975,0.945,0.98,0.939,0.943,0.972,0.979,1.012,0.971,0.968,0.934,0.956,0.968,0.935,0.976,0.973,0.954,0.987,0.727,0.683,0.737,0.716,0.727,0.758,0.722,0.961,0.992,0.089,0.087,0.92,0.963,0.905,0.972,0.933,0.956,0.976,0.937,0.98,0.976
1130,188.3333333,0.994,0.975,0.949,0.991,0.983,0.956,0.977,0.974,0.944,0.982,0.939,0.949,0.979,0.981,1.013,0.973,0.964,0.938,0.955,0.97,0.937,0.977,0.973,0.954,0.988,0.728,0.684,0.738,0.715,0.726,0.755,0.722,0.959,0.994,0.089,0.087,0.92,0.966,0.907,0.972,0.938,0.962,0.976,0.936,0.98,0.978
1140,190,0.995,0.976,0.952,0.992,0.987,0.952,0.978,0.976,0.945,0.985,0.942,0.953,0.973,0.981,1.013,0.974,0.967,0.942,0.956,0.971,0.937,0.977,0.963,0.955,0.989,0.73,0.688,0.739,0.715,0.728,0.757,0.722,0.957,0.996,0.089,0.087,0.922,0.967,0.908,0.975,0.935,0.964,0.976,0.938,0.983,0.979
1150,191.6666667,0.997,0.975,0.951,0.996,0.99,0.953,0.98,0.978,0.949,0.985,0.941,0.95,0.969,0.985,1.015,0.974,0.969,0.94,0.957,0.973,0.939,0.977,0.972,0.959,0.988,0.738,0.69,0.74,0.722,0.736,0.761,0.727,0.957,0.995,0.089,0.087,0.922,0.967,0.909,0.974,0.939,0.957,0.98,0.94,0.983,0.982
1160,193.3333333,0.997,0.979,0.955,0.996,0.989,0.956,0.982,0.979,0.949,0.987,0.943,0.948,0.979,0.985,1.019,0.976,0.967,0.944,0.96,0.976,0.942,0.978,0.971,0.959,0.99,0.736,0.693,0.743,0.723,0.734,0.762,0.728,0.96,0.999,0.089,0.087,0.925,0.971,0.91,0.974,0.941,0.965,0.982,0.942,0.984,0.982
1170,195,0.999,0.98,0.953,0.999,0.988,0.958,0.982,0.979,0.95,0.988,0.945,0.957,0.978,0.989,1.019,0.977,0.971,0.943,0.962,0.975,0.943,0.983,0.973,0.961,0.991,0.738,0.695,0.746,0.727,0.736,0.766,0.73,0.96,0.998,0.089,0.087,0.927,0.971,0.911,0.979,0.945,0.965,0.984,0.942,0.985,0.985
1180,196.6666667,1,0.98,0.954,1.002,0.993,0.955,0.984,0.981,0.95,0.989,0.945,0.952,0.978,0.986,1.02,0.978,0.969,0.946,0.96,0.972,0.945,0.98,0.97,0.962,0.991,0.74,0.697,0.748,0.725,0.737,0.766,0.731,0.964,0.998,0.089,0.087,0.925,0.973,0.911,0.981,0.944,0.967,0.981,0.942,0.986,0.985
1190,198.3333333,1.003,0.979,0.953,1.003,0.989,0.962,0.986,0.98,0.951,0.992,0.944,0.955,0.981,0.989,1.021,0.978,0.971,0.947,0.964,0.977,0.945,0.982,0.978,0.964,0.993,0.742,0.701,0.751,0.732,0.741,0.77,0.736,0.965,1.002,0.089,0.087,0.928,0.974,0.912,0.981,0.948,0.964,0.986,0.945,0.987,0.987
1200,200,1.003,0.983,0.955,1,0.989,0.96,0.987,0.982,0.952,0.992,0.947,0.954,0.978,0.988,1.024,0.979,0.97,0.949,0.962,0.975,0.947,0.985,0.971,0.965,0.994,0.745,0.703,0.754,0.732,0.742,0.773,0.736,0.965,1.004,0.089,0.087,0.927,0.974,0.916,0.983,0.947,0.969,0.986,0.946,0.987,0.988
1210,201.6666667,1.004,0.983,0.955,1.003,0.994,0.961,0.988,0.983,0.955,0.992,0.948,0.952,0.983,0.988,1.026,0.98,0.97,0.95,0.965,0.979,0.947,0.988,0.973,0.967,0.995,0.748,0.706,0.757,0.736,0.745,0.776,0.742,0.968,1.005,0.089,0.087,0.928,0.977,0.918,0.987,0.952,0.97,0.989,0.948,0.99,0.991
1220,203.3333333,1.004,0.982,0.955,1.002,0.994,0.961,0.989,0.982,0.956,0.991,0.948,0.957,0.979,0.989,1.027,0.982,0.97,0.949,0.965,0.978,0.948,0.992,0.977,0.969,0.996,0.75,0.708,0.759,0.741,0.749,0.777,0.743,0.968,1.006,0.089,0.087,0.929,0.976,0.916,0.989,0.952,0.967,0.989,0.95,0.99,0.993
1230,205,1.005,0.983,0.96,1.006,0.998,0.962,0.991,0.986,0.953,0.991,0.95,0.96,0.978,0.995,1.029,0.982,0.972,0.954,0.968,0.978,0.952,0.987,0.977,0.971,0.997,0.752,0.711,0.762,0.738,0.75,0.781,0.742,0.969,1.007,0.089,0.087,0.926,0.978,0.914,0.992,0.951,0.97,0.989,0.95,0.991,0.994
1240,206.6666667,1.007,0.987,0.957,1.003,0.995,0.96,0.992,0.984,0.955,0.994,0.949,0.96,0.987,0.993,1.03,0.983,0.974,0.953,0.966,0.979,0.951,0.992,0.978,0.973,0.998,0.753,0.713,0.764,0.743,0.751,0.782,0.747,0.969,1.008,0.089,0.087,0.93,0.977,0.914,0.991,0.955,0.969,0.994,0.952,0.992,0.995
1250,208.3333333,1.008,0.987,0.957,1.01,0.998,0.967,0.993,0.985,0.957,0.997,0.949,0.959,0.986,0.994,1.03,0.984,0.972,0.954,0.969,0.979,0.951,0.992,0.979,0.974,0.997,0.757,0.715,0.766,0.746,0.754,0.785,0.748,0.971,1.008,0.089,0.087,0.93,0.979,0.917,0.994,0.957,0.97,0.996,0.952,0.994,0.996
1260,210,1.008,0.987,0.961,1.01,1,0.963,0.994,0.989,0.958,0.995,0.951,0.961,0.983,0.999,1.033,0.986,0.976,0.958,0.97,0.98,0.955,0.99,0.979,0.975,0.999,0.759,0.718,0.769,0.743,0.754,0.789,0.75,0.971,1.011,0.089,0.087,0.929,0.979,0.919,0.992,0.956,0.976,0.995,0.955,0.994,0.998
1270,211.6666667,1.012,0.987,0.96,1.004,1.004,0.963,0.994,0.989,0.96,0.996,0.949,0.963,0.984,0.997,1.033,0.987,0.975,0.955,0.971,0.981,0.954,0.993,0.98,0.977,1.002,0.761,0.72,0.77,0.75,0.76,0.79,0.754,0.972,1.011,0.089,0.087,0.931,0.979,0.92,0.992,0.958,0.973,0.997,0.957,0.996,1
1280,213.3333333,1.012,0.993,0.965,1.013,1.004,0.966,0.998,0.99,0.959,1,0.952,0.961,0.993,1.003,1.035,0.989,0.975,0.958,0.974,0.983,0.956,0.992,0.981,0.979,1.002,0.764,0.723,0.774,0.753,0.762,0.794,0.756,0.975,1.013,0.089,0.087,0.932,0.98,0.921,0.995,0.96,0.975,0.997,0.959,0.999,1.001
1290,215,1.013,0.991,0.962,1.012,1.005,0.968,0.998,0.992,0.962,0.998,0.952,0.963,0.991,0.999,1.037,0.99,0.976,0.959,0.972,0.982,0.957,0.995,0.98,0.981,1.003,0.766,0.726,0.777,0.756,0.764,0.796,0.758,0.975,1.014,0.089,0.087,0.935,0.979,0.92,0.995,0.961,0.975,1,0.959,0.999,1.002
1300,216.6666667,1.012,0.991,0.968,1.014,1.002,0.967,1,0.992,0.962,0.999,0.953,0.962,0.986,1.001,1.038,0.991,0.977,0.962,0.972,0.985,0.96,0.994,0.978,0.982,1.003,0.768,0.727,0.778,0.756,0.764,0.797,0.76,0.975,1.014,0.089,0.087,0.933,0.983,0.923,1.001,0.962,0.977,1.002,0.959,0.999,1.002
1310,218.3333333,1.013,0.996,0.965,1.015,1.005,0.97,1,0.989,0.963,1,0.955,0.968,0.995,1.007,1.04,0.992,0.976,0.963,0.972,0.985,0.961,0.995,0.979,0.984,1.004,0.77,0.729,0.781,0.759,0.767,0.799,0.762,0.974,1.014,0.089,0.087,0.931,0.98,0.923,1.004,0.962,0.979,1.003,0.961,1.001,1.005
1320,220,1.015,0.993,0.97,1.018,1.006,0.97,1.002,0.996,0.964,1,0.952,0.962,0.99,1.004,1.042,0.992,0.976,0.966,0.974,0.986,0.964,0.992,0.979,0.985,1.004,0.772,0.732,0.783,0.759,0.769,0.803,0.764,0.976,1.015,0.089,0.087,0.931,0.984,0.924,1.005,0.963,0.982,1.004,0.962,1,1.005
1330,221.6666667,1.017,0.995,0.967,1.017,1.01,0.97,1.001,0.997,0.967,1.003,0.955,0.965,0.992,1.005,1.042,0.994,0.977,0.965,0.976,0.987,0.964,0.994,0.981,0.987,1.004,0.775,0.735,0.786,0.76,0.775,0.803,0.767,0.978,1.016,0.089,0.087,0.935,0.983,0.927,1.005,0.963,0.982,1.005,0.965,1.003,1.006
1340,223.3333333,1.018,0.998,0.968,1.012,1.006,0.97,1.002,0.994,0.968,1.002,0.954,0.965,0.994,1.006,1.042,0.994,0.975,0.966,0.974,0.986,0.964,0.999,0.98,0.989,1.006,0.776,0.736,0.787,0.766,0.774,0.805,0.769,0.978,1.016,0.089,0.087,0.936,0.979,0.923,1.006,0.964,0.982,1.007,0.965,1.003,1.006
1350,225,1.017,1,0.972,1.017,1.009,0.971,1.004,0.993,0.968,1.003,0.956,0.962,0.991,1.004,1.044,0.995,0.974,0.968,0.975,0.988,0.967,0.998,0.978,0.99,1.005,0.778,0.737,0.79,0.768,0.776,0.81,0.772,0.976,1.016,0.089,0.087,0.933,0.984,0.924,1.01,0.966,0.983,1.008,0.965,1.004,1.005
1360,226.6666667,1.018,1,0.973,1.018,1.008,0.97,1.004,0.993,0.969,1.003,0.954,0.967,0.994,1.006,1.046,0.996,0.975,0.97,0.977,0.99,0.968,0.996,0.979,0.991,1.006,0.781,0.74,0.791,0.771,0.777,0.813,0.773,0.978,1.016,0.089,0.087,0.932,0.985,0.926,1.011,0.966,0.985,1.007,0.965,1.003,1.006
1370,228.3333333,1.02,1.003,0.973,1.017,1.008,0.97,1.005,0.995,0.972,1.004,0.957,0.965,0.996,1.009,1.046,0.997,0.978,0.971,0.976,0.991,0.969,1.002,0.979,0.992,1.006,0.782,0.743,0.794,0.773,0.78,0.815,0.775,0.979,1.018,0.089,0.087,0.933,0.98,0.926,1.008,0.966,0.985,1.009,0.964,1.004,1.007
1380,230,1.021,1.004,0.975,1.025,1.012,0.971,1.006,0.996,0.972,1.006,0.957,0.968,0.995,1.01,1.048,0.999,0.979,0.973,0.978,0.99,0.971,1.001,0.982,0.994,1.006,0.786,0.745,0.797,0.776,0.782,0.818,0.778,0.981,1.019,0.089,0.087,0.933,0.982,0.929,1.009,0.967,0.985,1.01,0.965,1.005,1.008
1390,231.6666667,1.021,1.002,0.976,1.024,1.012,0.973,1.007,0.998,0.971,1.005,0.955,0.97,0.998,1.008,1.048,0.998,0.976,0.974,0.978,0.99,0.972,0.996,0.984,0.995,1.006,0.788,0.746,0.798,0.774,0.786,0.817,0.777,0.981,1.017,0.089,0.087,0.933,0.983,0.928,1.009,0.967,0.987,1.012,0.965,1.006,1.008
1400,233.3333333,1.023,1.005,0.974,1.02,1.013,0.971,1.006,0.996,0.972,1.007,0.956,0.968,0.997,1.012,1.05,0.998,0.976,0.974,0.978,0.992,0.973,0.997,0.981,0.996,1.006,0.79,0.747,0.801,0.777,0.787,0.822,0.78,0.982,1.018,0.089,0.087,0.934,0.982,0.927,1.01,0.968,0.988,1.011,0.965,1.006,1.008
1410,235,1.024,1.003,0.976,1.026,1.014,0.974,1.008,0.996,0.976,1.008,0.955,0.965,0.995,1.015,1.05,1,0.98,0.976,0.979,0.993,0.976,1.003,0.984,0.998,1.007,0.793,0.751,0.803,0.781,0.788,0.823,0.784,0.984,1.019,0.089,0.087,0.935,0.985,0.928,1.012,0.969,0.989,1.013,0.966,1.006,1.009
1420,236.6666667,1.025,1.005,0.975,1.024,1.013,0.975,1.008,1,0.977,1.007,0.957,0.965,0.998,1.015,1.05,1,0.98,0.977,0.98,0.991,0.976,1.004,0.984,1,1.009,0.796,0.753,0.803,0.781,0.792,0.826,0.785,0.985,1.02,0.089,0.087,0.936,0.984,0.928,1.012,0.969,0.989,1.016,0.967,1.007,1.009
1430,238.3333333,1.027,1.005,0.977,1.024,1.012,0.974,1.009,0.998,0.979,1.008,0.956,0.967,1,1.015,1.051,1,0.977,0.978,0.981,0.993,0.977,1.003,0.985,1,1.008,0.798,0.754,0.805,0.782,0.794,0.827,0.786,0.984,1.02,0.089,0.087,0.936,0.986,0.927,1.012,0.97,0.99,1.017,0.966,1.007,1.01
1440,240,1.028,1.006,0.978,1.028,1.014,0.975,1.01,1,0.98,1.01,0.957,0.968,1.002,1.017,1.052,1.001,0.98,0.98,0.981,0.994,0.979,1.006,0.986,1.001,1.009,0.799,0.756,0.807,0.787,0.796,0.829,0.79,0.984,1.02,0.089,0.087,0.937,0.984,0.932,1.014,0.971,0.99,1.016,0.967,1.009,1.01
1450,241.6666667,1.03,1.006,0.979,1.031,1.017,0.976,1.011,0.997,0.98,1.011,0.955,0.968,1.004,1.018,1.052,1,0.981,0.98,0.981,0.993,0.981,1.004,0.988,1.002,1.009,0.801,0.758,0.809,0.788,0.798,0.832,0.79,0.985,1.021,0.089,0.087,0.939,0.986,0.931,1.02,0.972,0.989,1.018,0.967,1.01,1.011
1460,243.3333333,1.029,1.008,0.98,1.028,1.015,0.979,1.012,1,0.982,1.009,0.957,0.97,1.002,1.014,1.055,1.001,0.985,0.983,0.981,0.996,0.98,1.003,0.986,1.004,1.01,0.805,0.76,0.812,0.789,0.8,0.835,0.794,0.985,1.021,0.089,0.087,0.94,0.986,0.929,1.014,0.973,0.989,1.019,0.967,1.01,1.011
1470,245,1.032,1.009,0.981,1.028,1.016,0.976,1.011,1.001,0.983,1.012,0.957,0.968,1.004,1.017,1.054,1,0.981,0.983,0.982,0.997,0.982,1.01,0.988,1.004,1.01,0.806,0.762,0.813,0.79,0.803,0.837,0.795,0.986,1.02,0.089,0.087,0.939,0.986,0.931,1.016,0.972,0.993,1.023,0.968,1.01,1.012
1480,246.6666667,1.033,1.007,0.982,1.029,1.014,0.978,1.011,0.997,0.984,1.012,0.954,0.968,1.003,1.015,1.054,1,0.982,0.984,0.981,0.996,0.984,1.005,0.989,1.006,1.01,0.809,0.763,0.817,0.794,0.806,0.841,0.798,0.986,1.02,0.089,0.087,0.941,0.988,0.93,1.019,0.974,0.989,1.023,0.969,1.011,1.013
1490,248.3333333,1.032,1.008,0.983,1.029,1.012,0.975,1.012,0.998,0.983,1.012,0.956,0.968,1.006,1.015,1.056,1.001,0.981,0.986,0.981,0.999,0.984,1.005,0.986,1.007,1.01,0.81,0.763,0.819,0.794,0.805,0.84,0.801,0.983,1.019,0.089,0.087,0.942,0.988,0.93,1.02,0.975,0.988,1.023,0.967,1.011,1.012
1500,250,1.035,1.006,0.981,1.028,1.016,0.977,1.013,0.999,0.985,1.013,0.954,0.968,1.006,1.014,1.054,1.001,0.983,0.987,0.982,0.996,0.985,1.006,0.987,1.008,1.011,0.813,0.767,0.82,0.797,0.808,0.844,0.802,0.985,1.02,0.089,0.087,0.943,0.987,0.931,1.019,0.977,0.992,1.025,0.969,1.012,1.014
1510,251.6666667,1.035,1.008,0.983,1.028,1.013,0.978,1.014,1,0.988,1.015,0.956,0.969,1.005,1.014,1.054,1.001,0.982,0.989,0.982,1,0.986,1.007,0.985,1.009,1.01,0.815,0.77,0.824,0.799,0.808,0.846,0.806,0.986,1.021,0.089,0.087,0.942,0.99,0.933,1.02,0.978,0.99,1.024,0.969,1.013,1.014
1520,253.3333333,1.036,1.006,0.982,1.03,1.015,0.98,1.013,0.998,0.989,1.014,0.955,0.969,1.005,1.013,1.057,1,0.984,0.99,0.984,0.999,0.988,1.007,0.989,1.009,1.012,0.817,0.772,0.825,0.802,0.813,0.847,0.807,0.987,1.02,0.089,0.087,0.942,0.99,0.93,1.018,0.98,0.992,1.026,0.969,1.013,1.015