Time/10min,Time/h,log[OD]-WT-D0-1,WT-D0-1,log[OD]-WT-D0-2,WT-D0-2,log[OD]-WT-D0-3,WT-D0-3,log[OD]-WT-D0-4,WT-D0-4,log[OD]-WT-D0-5,WT-D0-5,log[OD]-WT-D21-1,WT-D21-1,log[OD]-WT-D21-2,WT-D21-2,log[OD]-WT-D21-3,WT-D21-3,log[OD]-WT-D21-4,WT-D21-4,log[OD]-WT-D21-5,WT-D21-5,log[OD]-ΔPodJ-D0-1,ΔPodJ-D0-1,log[OD]-ΔPodJ-D0-2,ΔPodJ-D0-2,log[OD]-ΔPodJ-D0-3,ΔPodJ-D0-3,log[OD]-ΔPodJ-D0-4,ΔPodJ-D0-4,log[OD]-ΔPodJ-D0-5,ΔPodJ-D0-5,log[OD]-ΔPodJ-D21-1,ΔPodJ-D21-1,log[OD]-ΔPodJ-D21-2,ΔPodJ-D21-2,log[OD]-ΔPodJ-D21-3,ΔPodJ-D21-3,log[OD]-ΔPodJ-D21-4,ΔPodJ-D21-4,log[OD]-ΔPodJ-D21-5 2,ΔPodJ-D21-5,log[OD]-ΔPopZ-D0-1,ΔPopZ-D0-1,log[OD]-ΔPopZ-D0-2,ΔPopZ-D0-2,log[OD]-ΔPopZ-D0-3,ΔPopZ-D0-3,log[OD]-ΔPopZ-D0-4,ΔPopZ-D0-4,log[OD]-ΔPopZ-D0-5,ΔPopZ-D0-5,log[OD]-ΔPopZ-D21-1,ΔPopZ-D21-1,log[OD]-ΔPopZ-D21-2,ΔPopZ-D21-2,log[OD]-ΔPopZ-D21-3,ΔPopZ-D21-3,log[OD]-ΔPopZ-D21-4,ΔPopZ-D21-4,log[OD]-ΔPopZ-D21-5,ΔPopZ-D21-5
10,0.166666667,-3.046921047,0.121,-3.380821784,0.096,-3.145605322,0.113,-2.988504361,0.126,-3.351074441,0.098,-2.522840789,0.174,-3.095419565,0.117,-3.321928095,0.1,-2.932361283,0.131,-3.251538767,0.105,-3.490050854,0.089,-3.365871442,0.097,-3.184424571,0.11,-3.426625474,0.093,-3.224317298,0.107,-3.120294234,0.115,-2.795859283,0.144,-2.689659879,0.155,-3.490050854,0.089,-3.19759996,0.109,-3.457989644,0.091,-3.457989644,0.091,-2.977099598,0.127,-3.490050854,0.089,-3.293358943,0.102,-3.083141235,0.118,-3.23786383,0.106,-2.910501849,0.133,-3.473931188,0.09,-3.070966521,0.119
20,0.333333333,-2.977099598,0.127,-3.395928676,0.095,-3.011587974,0.124,-3.120294234,0.115,-3.321928095,0.1,-2.329159664,0.199,-2.954557029,0.129,-3.307572802,0.101,-2.857259828,0.138,-3.265344567,0.104,-3.490050854,0.089,-3.321928095,0.1,-3.083141235,0.118,-3.380821784,0.096,-3.171368418,0.111,-3.011587974,0.124,-2.698997744,0.154,-2.826232932,0.141,-3.395928676,0.095,-3.171368418,0.111,-3.442222329,0.092,-3.442222329,0.092,-2.878321443,0.136,-3.506352666,0.088,-3.10780329,0.116,-3.10780329,0.116,-3.184424571,0.11,-2.76611194,0.147,-3.411195433,0.094,-2.954557029,0.129
30,0.5,-2.805912948,0.143,-3.210896782,0.108,-2.836501268,0.14,-2.965784285,0.128,-3.046921047,0.121,-2.184424571,0.22,-2.634867407,0.161,-3.19759996,0.109,-2.785875195,0.145,-3.210896782,0.108,-3.442222329,0.092,-3.265344567,0.104,-2.954557029,0.129,-3.307572802,0.101,-3.095419565,0.117,-2.932361283,0.131,-2.634867407,0.161,-2.846843212,0.139,-3.351074441,0.098,-3.210896782,0.108,-3.293358943,0.102,-3.380821784,0.096,-2.785875195,0.145,-3.473931188,0.09,-2.977099598,0.127,-3.083141235,0.118,-3.083141235,0.118,-2.698997744,0.154,-3.365871442,0.097,-2.899695094,0.134
40,0.666666667,-2.708396442,0.153,-2.943416472,0.13,-2.746615764,0.149,-2.805912948,0.143,-2.826232932,0.141,-2.158429363,0.224,-2.473931188,0.18,-3.145605322,0.113,-2.756330919,0.148,-3.210896782,0.108,-3.321928095,0.1,-3.210896782,0.108,-2.846843212,0.139,-3.19759996,0.109,-3.011587974,0.124,-2.816037165,0.142,-2.590744853,0.166,-2.857259828,0.138,-3.293358943,0.102,-3.23786383,0.106,-3.10780329,0.116,-3.321928095,0.1,-2.689659879,0.155,-3.380821784,0.096,-2.857259828,0.138,-3,0.125,-2.954557029,0.129,-2.634867407,0.161,-3.279283757,0.103,-2.805912948,0.143
50,0.833333333,-2.662003536,0.158,-2.795859283,0.144,-2.680382066,0.156,-2.727379545,0.151,-2.625934282,0.162,-2.145605322,0.226,-2.351074441,0.196,-3.058893689,0.12,-2.736965594,0.15,-3.210896782,0.108,-3.279283757,0.103,-3.158429363,0.112,-2.746615764,0.149,-3.095419565,0.117,-2.910501849,0.133,-2.736965594,0.15,-2.556393349,0.17,-2.857259828,0.138,-3.265344567,0.104,-3.279283757,0.103,-2.965784285,0.128,-3.251538767,0.105,-2.64385619,0.16,-3.265344567,0.104,-2.76611194,0.147,-2.921390165,0.132,-2.836501268,0.14,-2.61705613,0.163,-3.10780329,0.116,-2.689659879,0.155
60,1,-2.625934282,0.162,-2.671163536,0.157,-2.64385619,0.16,-2.652901329,0.159,-2.490050854,0.178,-2.10780329,0.232,-2.272297327,0.207,-3.023269779,0.123,-2.708396442,0.153,-3.23786383,0.106,-3.23786383,0.106,-3.10780329,0.116,-2.671163536,0.157,-3.023269779,0.123,-2.805912948,0.143,-2.689659879,0.155,-2.54793177,0.171,-2.846843212,0.139,-3.23786383,0.106,-3.321928095,0.1,-2.867752202,0.137,-3.210896782,0.108,-2.582079992,0.167,-3.171368418,0.111,-2.698997744,0.154,-2.816037165,0.142,-2.76611194,0.147,-2.582079992,0.167,-2.954557029,0.129,-2.590744853,0.166
70,1.166666667,-2.573466862,0.168,-2.564904848,0.169,-2.61705613,0.163,-2.590744853,0.166,-2.388355457,0.191,-2.064917477,0.239,-2.204233052,0.217,-2.988504361,0.126,-2.689659879,0.155,-3.224317298,0.107,-3.171368418,0.111,-3.058893689,0.12,-2.59946207,0.165,-2.932361283,0.131,-2.698997744,0.154,-2.59946207,0.165,-2.514573173,0.175,-2.805912948,0.143,-3.184424571,0.11,-3.336427665,0.099,-2.775959726,0.146,-3.120294234,0.115,-2.514573173,0.175,-3.070966521,0.119,-2.634867407,0.161,-2.717856771,0.152,-2.689659879,0.155,-2.53951953,0.172,-2.816037165,0.142,-2.506352666,0.176
80,1.333333333,-2.522840789,0.174,-2.490050854,0.178,-2.625934282,0.162,-2.564904848,0.169,-2.321928095,0.2,-2.035046947,0.244,-2.158429363,0.224,-2.954557029,0.129,-2.662003536,0.158,-3.184424571,0.11,-3.095419565,0.117,-3,0.125,-2.522840789,0.174,-2.867752202,0.137,-2.60823228,0.164,-2.522840789,0.174,-2.506352666,0.176,-2.756330919,0.148,-3.120294234,0.115,-3.351074441,0.098,-2.680382066,0.156,-3.046921047,0.121,-2.450084446,0.183,-2.965784285,0.128,-2.582079992,0.167,-2.64385619,0.16,-2.60823228,0.164,-2.490050854,0.178,-2.689659879,0.155,-2.450084446,0.183
90,1.5,-2.490050854,0.178,-2.434402824,0.185,-2.662003536,0.158,-2.564904848,0.169,-2.293358943,0.204,-2.017417053,0.247,-2.126580497,0.229,-2.932361283,0.131,-2.634867407,0.161,-3.058893689,0.12,-3.046921047,0.121,-2.943416472,0.13,-2.457989644,0.182,-2.816037165,0.142,-2.531156057,0.173,-2.442222329,0.184,-2.473931188,0.18,-2.652901329,0.159,-2.988504361,0.126,-3.293358943,0.102,-2.60823228,0.164,-2.977099598,0.127,-2.380821784,0.192,-2.899695094,0.134,-2.531156057,0.173,-2.582079992,0.167,-2.53951953,0.172,-2.450084446,0.183,-2.59946207,0.165,-2.388355457,0.191
100,1.666666667,-2.450084446,0.183,-2.395928676,0.19,-2.698997744,0.154,-2.573466862,0.168,-2.279283757,0.206,-2,0.25,-2.10159814,0.233,-2.899695094,0.134,-2.60823228,0.164,-3,0.125,-3,0.125,-2.899695094,0.134,-2.395928676,0.19,-2.775959726,0.146,-2.450084446,0.183,-2.365871442,0.194,-2.411195433,0.188,-2.556393349,0.17,-2.878321443,0.136,-3.265344567,0.104,-2.54793177,0.171,-2.921390165,0.132,-2.329159664,0.199,-2.836501268,0.14,-2.481968507,0.179,-2.506352666,0.176,-2.465938398,0.181,-2.434402824,0.185,-2.514573173,0.175,-2.336427665,0.198
110,1.833333333,-2.426625474,0.186,-2.365871442,0.194,-2.727379545,0.151,-2.573466862,0.168,-2.272297327,0.207,-1.98279071,0.253,-2.070966521,0.238,-2.867752202,0.137,-2.573466862,0.168,-2.867752202,0.137,-2.932361283,0.131,-2.846843212,0.139,-2.321928095,0.2,-2.698997744,0.154,-2.351074441,0.196,-2.272297327,0.207,-2.351074441,0.196,-2.465938398,0.181,-2.785875195,0.145,-3.210896782,0.108,-2.473931188,0.18,-2.867752202,0.137,-2.272297327,0.207,-2.775959726,0.146,-2.426625474,0.186,-2.442222329,0.184,-2.411195433,0.188,-2.380821784,0.192,-2.442222329,0.184,-2.300448367,0.203
120,2,-2.411195433,0.188,-2.351074441,0.196,-2.76611194,0.147,-2.590744853,0.166,-2.272297327,0.207,-1.971430848,0.255,-2.052894948,0.241,-2.836501268,0.14,-2.531156057,0.173,-2.805912948,0.143,-2.899695094,0.134,-2.805912948,0.143,-2.258425153,0.209,-2.64385619,0.16,-2.279283757,0.206,-2.204233052,0.217,-2.329159664,0.199,-2.395928676,0.19,-2.727379545,0.151,-3.184424571,0.11,-2.426625474,0.186,-2.857259828,0.138,-2.224317298,0.214,-2.736965594,0.15,-2.388355457,0.191,-2.411195433,0.188,-2.358453971,0.195,-2.351074441,0.196,-2.388355457,0.191,-2.279283757,0.206
130,2.166666667,-2.395928676,0.19,-2.343732465,0.197,-2.785875195,0.145,-2.582079992,0.167,-2.231074664,0.213,-1.948975997,0.259,-2.035046947,0.244,-2.785875195,0.145,-2.506352666,0.176,-2.954557029,0.129,-2.846843212,0.139,-2.76611194,0.147,-2.210896782,0.216,-2.59946207,0.165,-2.231074664,0.213,-2.145605322,0.226,-2.307572802,0.202,-2.343732465,0.197,-2.662003536,0.158,-3.224317298,0.107,-2.373327247,0.193,-2.816037165,0.142,-2.177881725,0.221,-2.671163536,0.157,-2.343732465,0.197,-2.351074441,0.196,-2.307572802,0.202,-2.321928095,0.2,-2.336427665,0.198,-2.23786383,0.212
140,2.333333333,-2.373327247,0.193,-2.336427665,0.198,-2.785875195,0.145,-2.582079992,0.167,-2.204233052,0.217,-1.937878288,0.261,-2.017417053,0.247,-2.746615764,0.149,-2.465938398,0.181,-2.826232932,0.141,-2.795859283,0.144,-2.727379545,0.151,-2.145605322,0.226,-2.54793177,0.171,-2.171368418,0.222,-2.070966521,0.238,-2.272297327,0.207,-2.293358943,0.204,-2.590744853,0.166,-3.184424571,0.11,-2.329159664,0.199,-2.756330919,0.148,-2.145605322,0.226,-2.61705613,0.163,-2.314732593,0.201,-2.286304185,0.205,-2.23786383,0.212,-2.279283757,0.206,-2.258425153,0.209,-2.204233052,0.217
150,2.5,-2.365871442,0.194,-2.336427665,0.198,-2.795859283,0.144,-2.573466862,0.168,-2.190997225,0.219,-1.921390165,0.264,-2,0.25,-2.736965594,0.15,-2.457989644,0.182,-2.727379545,0.151,-2.756330919,0.148,-2.680382066,0.156,-2.10159814,0.233,-2.522840789,0.174,-2.114035243,0.231,-2.017417053,0.247,-2.251538767,0.21,-2.231074664,0.213,-2.53951953,0.172,-3.145605322,0.113,-2.286304185,0.205,-2.708396442,0.153,-2.10780329,0.232,-2.564904848,0.169,-2.279283757,0.206,-2.251538767,0.21,-2.184424571,0.22,-2.23786383,0.212,-2.204233052,0.217,-2.177881725,0.221
160,2.666666667,-2.365871442,0.194,-2.343732465,0.197,-2.816037165,0.142,-2.573466862,0.168,-2.217591435,0.215,-1.915935735,0.265,-1.994240731,0.251,-2.727379545,0.151,-2.442222329,0.184,-2.652901329,0.159,-2.717856771,0.152,-2.64385619,0.16,-2.064917477,0.239,-2.490050854,0.178,-2.077041036,0.237,-1.960159735,0.257,-2.217591435,0.215,-2.177881725,0.221,-2.465938398,0.181,-3.10780329,0.116,-2.251538767,0.21,-2.671163536,0.157,-2.083141235,0.236,-2.53951953,0.172,-2.258425153,0.209,-2.210896782,0.216,-2.139235797,0.227,-2.217591435,0.215,-2.164884385,0.223,-2.152003093,0.225
170,2.833333333,-2.373327247,0.193,-2.358453971,0.195,-2.836501268,0.14,-2.582079992,0.167,-2.258425153,0.209,-1.910501849,0.266,-2,0.25,-2.708396442,0.153,-2.450084446,0.183,-2.805912948,0.143,-2.671163536,0.157,-2.59946207,0.165,-2.040971781,0.243,-2.498178735,0.177,-2.040971781,0.243,-1.921390165,0.264,-2.204233052,0.217,-2.158429363,0.224,-2.426625474,0.186,-3.120294234,0.115,-2.217591435,0.215,-2.634867407,0.161,-2.052894948,0.241,-2.506352666,0.176,-2.217591435,0.215,-2.19759996,0.218,-2.152003093,0.225,-2.258425153,0.209,-2.177881725,0.221,-2.13289427,0.228
180,3,-2.373327247,0.193,-2.373327247,0.193,-2.857259828,0.138,-2.59946207,0.165,-2.321928095,0.2,-1.921390165,0.264,-2.017417053,0.247,-2.652901329,0.159,-2.395928676,0.19,-2.805912948,0.143,-2.64385619,0.16,-2.573466862,0.168,-2.023269779,0.246,-2.506352666,0.176,-2.005782353,0.249,-1.888968688,0.27,-2.190997225,0.219,-2.13289427,0.228,-2.395928676,0.19,-3.184424571,0.11,-2.184424571,0.22,-2.59946207,0.165,-2.017417053,0.247,-2.450084446,0.183,-2.171368418,0.222,-2.145605322,0.226,-2.114035243,0.231,-2.210896782,0.216,-2.139235797,0.227,-2.10780329,0.232
190,3.166666667,-2.380821784,0.192,-2.388355457,0.191,-2.899695094,0.134,-2.625934282,0.162,-2.373327247,0.193,-1.932361283,0.262,-2.040971781,0.243,-2.590744853,0.166,-2.286304185,0.205,-2.671163536,0.157,-2.61705613,0.163,-2.54793177,0.171,-1.988504361,0.252,-2.498178735,0.177,-1.977099598,0.254,-1.857259828,0.276,-2.171368418,0.222,-2.10159814,0.233,-2.365871442,0.194,-3.158429363,0.112,-2.158429363,0.224,-2.582079992,0.167,-2,0.25,-2.434402824,0.185,-2.145605322,0.226,-2.13289427,0.228,-2.077041036,0.237,-2.190997225,0.219,-2.10780329,0.232,-2.089267338,0.235
200,3.333333333,-2.380821784,0.192,-2.395928676,0.19,-2.921390165,0.132,-2.61705613,0.163,-2.358453971,0.195,-1.937878288,0.261,-2.046921047,0.242,-2.457989644,0.182,-2.251538767,0.21,-2.816037165,0.142,-2.59946207,0.165,-2.522840789,0.174,-1.971430848,0.255,-2.498178735,0.177,-1.948975997,0.259,-1.826232932,0.282,-2.158429363,0.224,-2.083141235,0.236,-2.343732465,0.197,-3.224317298,0.107,-2.13289427,0.228,-2.556393349,0.17,-1.971430848,0.255,-2.40354186,0.189,-2.114035243,0.231,-2.10780329,0.232,-2.070966521,0.238,-2.19759996,0.218,-2.10780329,0.232,-2.070966521,0.238
210,3.5,-2.358453971,0.195,-2.40354186,0.189,-2.921390165,0.132,-2.60823228,0.164,-2.307572802,0.202,-1.932361283,0.262,-2.046921047,0.242,-2.329159664,0.199,-2.177881725,0.221,-2.826232932,0.141,-2.573466862,0.168,-2.506352666,0.176,-1.948975997,0.259,-2.498178735,0.177,-1.926865295,0.263,-1.795859283,0.288,-2.13289427,0.228,-2.064917477,0.239,-2.314732593,0.201,-3.265344567,0.104,-2.10780329,0.232,-2.522840789,0.174,-1.943416472,0.26,-2.358453971,0.195,-2.077041036,0.237,-2.070966521,0.238,-2.023269779,0.246,-2.164884385,0.223,-2.070966521,0.238,-2.035046947,0.244
220,3.666666667,-2.343732465,0.197,-2.395928676,0.19,-2.921390165,0.132,-2.60823228,0.164,-2.300448367,0.203,-1.915935735,0.265,-2.035046947,0.244,-2.19759996,0.218,-2.035046947,0.244,-2.708396442,0.153,-2.573466862,0.168,-2.481968507,0.179,-1.921390165,0.264,-2.481968507,0.179,-1.905088353,0.267,-1.756330919,0.296,-2.10780329,0.232,-2.040971781,0.243,-2.265344567,0.208,-3.171368418,0.111,-2.089267338,0.235,-2.514573173,0.175,-1.921390165,0.264,-2.314732593,0.201,-2.029146346,0.245,-2.017417053,0.247,-1.977099598,0.254,-2.114035243,0.231,-2.017417053,0.247,-2.011587974,0.248
230,3.833333333,-2.329159664,0.199,-2.388355457,0.191,-2.921390165,0.132,-2.59946207,0.165,-2.307572802,0.202,-1.905088353,0.267,-2.017417053,0.247,-2.10159814,0.233,-1.948975997,0.259,-2.64385619,0.16,-2.564904848,0.169,-2.473931188,0.18,-1.910501849,0.266,-2.481968507,0.179,-1.883635243,0.271,-1.727379545,0.302,-2.083141235,0.236,-2.029146346,0.245,-2.23786383,0.212,-3.10780329,0.116,-2.070966521,0.238,-2.481968507,0.179,-1.899695094,0.268,-2.265344567,0.208,-1.994240731,0.251,-1.971430848,0.255,-1.932361283,0.262,-2.070966521,0.238,-1.98279071,0.253,-1.988504361,0.252
240,4,-2.314732593,0.201,-2.388355457,0.191,-2.899695094,0.134,-2.59946207,0.165,-2.336427665,0.198,-1.899695094,0.268,-2,0.25,-1.994240731,0.251,-1.77102743,0.293,-2.60823228,0.164,-2.564904848,0.169,-2.481968507,0.179,-1.894321922,0.269,-2.465938398,0.181,-1.873027144,0.273,-1.698997744,0.308,-2.058893689,0.24,-2.005782353,0.249,-2.210896782,0.216,-3.058893689,0.12,-2.052894948,0.241,-2.457989644,0.182,-1.883635243,0.271,-2.244685096,0.211,-1.965784285,0.256,-1.943416472,0.26,-1.905088353,0.267,-2.029146346,0.245,-1.948975997,0.259,-1.965784285,0.256
250,4.166666667,-2.307572802,0.202,-2.388355457,0.191,-2.878321443,0.136,-2.590744853,0.166,-2.380821784,0.192,-1.894321922,0.269,-1.988504361,0.252,-1.816037165,0.284,-1.694321257,0.309,-2.573466862,0.168,-2.573466862,0.168,-2.481968507,0.179,-1.883635243,0.271,-2.465938398,0.181,-1.862496476,0.275,-1.675765438,0.313,-2.035046947,0.244,-1.977099598,0.254,-2.177881725,0.221,-3.011587974,0.124,-2.040971781,0.243,-2.426625474,0.186,-1.867752202,0.274,-2.217591435,0.215,-1.937878288,0.261,-1.905088353,0.267,-1.878321443,0.272,-2,0.25,-1.926865295,0.263,-1.948975997,0.259
260,4.333333333,-2.307572802,0.202,-2.395928676,0.19,-2.888968688,0.135,-2.582079992,0.167,-2.426625474,0.186,-1.883635243,0.271,-1.98279071,0.253,-1.685013515,0.311,-1.595096878,0.331,-2.54793177,0.171,-2.590744853,0.166,-2.498178735,0.177,-1.873027144,0.273,-2.473931188,0.18,-1.857259828,0.276,-1.652901329,0.318,-2.029146346,0.245,-1.948975997,0.259,-2.164884385,0.223,-2.977099598,0.127,-2.023269779,0.246,-2.411195433,0.188,-1.846843212,0.278,-2.19759996,0.218,-1.905088353,0.267,-1.888968688,0.27,-1.852042119,0.277,-1.965784285,0.256,-1.899695094,0.268,-1.926865295,0.263
270,4.5,-2.286304185,0.205,-2.395928676,0.19,-2.921390165,0.132,-2.59946207,0.165,-2.434402824,0.185,-1.888968688,0.27,-1.98279071,0.253,-1.514573173,0.35,-1.438307279,0.369,-2.514573173,0.175,-2.60823228,0.164,-2.506352666,0.176,-1.867752202,0.274,-2.481968507,0.179,-1.841662973,0.279,-1.634867407,0.322,-2.040971781,0.243,-1.905088353,0.267,-2.171368418,0.222,-2.943416472,0.13,-2.011587974,0.248,-2.388355457,0.191,-1.821126042,0.283,-2.204233052,0.217,-1.867752202,0.274,-1.878321443,0.272,-1.826232932,0.282,-1.926865295,0.263,-1.873027144,0.273,-1.905088353,0.267
280,4.666666667,-2.272297327,0.207,-2.40354186,0.189,-2.888968688,0.135,-2.573466862,0.168,-2.426625474,0.186,-1.873027144,0.273,-1.977099598,0.254,-1.465938398,0.362,-1.49410907,0.355,-2.573466862,0.168,-2.61705613,0.163,-2.531156057,0.173,-1.857259828,0.276,-2.465938398,0.181,-1.846843212,0.278,-1.612637459,0.327,-2.011587974,0.248,-1.878321443,0.272,-2.120294234,0.23,-2.921390165,0.132,-2,0.25,-2.358453971,0.195,-1.821126042,0.283,-2.177881725,0.221,-1.867752202,0.274,-1.857259828,0.276,-1.805912948,0.286,-1.932361283,0.262,-1.862496476,0.275,-1.878321443,0.272
290,4.833333333,-2.258425153,0.209,-2.388355457,0.191,-2.846843212,0.139,-2.54793177,0.171,-2.388355457,0.191,-1.857259828,0.276,-1.965784285,0.256,-1.373327247,0.386,-1.430508908,0.371,-2.61705613,0.163,-2.634867407,0.161,-2.514573173,0.175,-1.852042119,0.277,-2.450084446,0.183,-1.841662973,0.279,-1.595096878,0.331,-1.988504361,0.252,-1.852042119,0.277,-2.077041036,0.237,-2.899695094,0.134,-1.988504361,0.252,-2.329159664,0.199,-1.805912948,0.286,-2.13289427,0.228,-1.846843212,0.278,-1.826232932,0.282,-1.790858602,0.289,-1.921390165,0.264,-1.852042119,0.277,-1.857259828,0.276
300,5,-2.23786383,0.212,-2.380821784,0.192,-2.836501268,0.14,-2.53951953,0.172,-2.343732465,0.197,-1.841662973,0.279,-1.960159735,0.257,-1.2968993,0.407,-1.293358943,0.408,-2.556393349,0.17,-2.652901329,0.159,-2.514573173,0.175,-1.836501268,0.28,-2.442222329,0.184,-1.831357964,0.281,-1.569179503,0.337,-1.954557029,0.258,-1.821126042,0.283,-2.046921047,0.242,-2.846843212,0.139,-1.977099598,0.254,-2.307572802,0.202,-1.785875195,0.29,-2.10159814,0.233,-1.810966176,0.285,-1.800877358,0.287,-1.76611194,0.294,-1.888968688,0.27,-1.826232932,0.282,-1.836501268,0.28
310,5.166666667,-2.231074664,0.213,-2.365871442,0.194,-2.826232932,0.141,-2.531156057,0.173,-2.293358943,0.204,-1.826232932,0.282,-1.948975997,0.259,-1.190997225,0.438,-1.251538767,0.42,-2.490050854,0.178,-2.662003536,0.158,-2.522840789,0.174,-1.826232932,0.282,-2.426625474,0.186,-1.826232932,0.282,-1.54793177,0.342,-1.948975997,0.259,-1.785875195,0.29,-2.023269779,0.246,-2.826232932,0.141,-1.960159735,0.257,-2.279283757,0.206,-1.775959726,0.292,-2.077041036,0.237,-1.790858602,0.289,-1.780908942,0.291,-1.74178261,0.299,-1.862496476,0.275,-1.805912948,0.286,-1.826232932,0.282
320,5.333333333,-2.210896782,0.216,-2.358453971,0.195,-2.805912948,0.143,-2.522840789,0.174,-2.251538767,0.21,-1.800877358,0.287,-1.937878288,0.261,-1.139235797,0.454,-1.248107862,0.421,-2.522840789,0.174,-2.671163536,0.157,-2.531156057,0.173,-1.821126042,0.283,-2.426625474,0.186,-1.826232932,0.282,-1.531156057,0.346,-1.926865295,0.263,-1.76611194,0.294,-2.005782353,0.249,-2.816037165,0.142,-1.954557029,0.258,-2.265344567,0.208,-1.756330919,0.296,-2.064917477,0.239,-1.780908942,0.291,-1.76611194,0.294,-1.732164608,0.301,-1.857259828,0.276,-1.805912948,0.286,-1.800877358,0.287
330,5.5,-2.19759996,0.218,-2.351074441,0.196,-2.805912948,0.143,-2.514573173,0.175,-2.210896782,0.216,-1.790858602,0.289,-1.932361283,0.262,-1.120294234,0.46,-1.142417045,0.453,-2.442222329,0.184,-2.689659879,0.155,-2.53951953,0.172,-1.810966176,0.285,-2.418889825,0.187,-1.821126042,0.283,-1.506352666,0.352,-1.915935735,0.265,-1.727379545,0.302,-1.994240731,0.251,-2.795859283,0.144,-1.943416472,0.26,-2.23786383,0.212,-1.746615764,0.298,-2.052894948,0.241,-1.756330919,0.296,-1.751465164,0.297,-1.708396442,0.306,-1.836501268,0.28,-1.780908942,0.291,-1.780908942,0.291
340,5.666666667,-2.171368418,0.222,-2.329159664,0.199,-2.785875195,0.145,-2.481968507,0.179,-2.177881725,0.221,-1.76611194,0.294,-1.910501849,0.266,-1.035046947,0.488,-1.110915901,0.463,-2.490050854,0.178,-2.680382066,0.156,-2.531156057,0.173,-1.800877358,0.287,-2.40354186,0.189,-1.816037165,0.284,-1.490050854,0.356,-1.899695094,0.268,-1.708396442,0.306,-1.960159735,0.257,-2.775959726,0.146,-1.932361283,0.262,-2.210896782,0.216,-1.727379545,0.302,-2.029146346,0.245,-1.746615764,0.298,-1.732164608,0.301,-1.694321257,0.309,-1.836501268,0.28,-1.780908942,0.291,-1.76121314,0.295
350,5.833333333,-2.152003093,0.225,-2.300448367,0.203,-2.727379545,0.151,-2.450084446,0.183,-2.13289427,0.228,-1.746615764,0.298,-1.888968688,0.27,-0.968604804,0.511,-1.077041036,0.474,-2.522840789,0.174,-2.662003536,0.158,-2.514573173,0.175,-1.790858602,0.289,-2.380821784,0.192,-1.800877358,0.287,-1.465938398,0.362,-1.873027144,0.273,-1.680382066,0.312,-1.932361283,0.262,-2.775959726,0.146,-1.915935735,0.265,-2.171368418,0.222,-1.708396442,0.306,-2,0.25,-1.732164608,0.301,-1.717856771,0.304,-1.680382066,0.312,-1.821126042,0.283,-1.775959726,0.292,-1.736965594,0.3
360,6,-2.13289427,0.228,-2.279283757,0.206,-2.698997744,0.154,-2.418889825,0.187,-2.10780329,0.232,-1.727379545,0.302,-1.862496476,0.275,-0.921390165,0.528,-1,0.5,-2.358453971,0.195,-2.64385619,0.16,-2.481968507,0.179,-1.775959726,0.292,-2.365871442,0.194,-1.785875195,0.29,-1.438307279,0.369,-1.841662973,0.279,-1.64385619,0.32,-1.910501849,0.266,-2.727379545,0.151,-1.905088353,0.267,-2.139235797,0.227,-1.685013515,0.311,-1.971430848,0.255,-1.694321257,0.309,-1.694321257,0.309,-1.657445255,0.317,-1.790858602,0.289,-1.736965594,0.3,-1.713118852,0.305
370,6.166666667,-2.095419565,0.234,-2.251538767,0.21,-2.652901329,0.159,-2.388355457,0.191,-2.077041036,0.237,-1.698997744,0.308,-1.841662973,0.279,-0.857259828,0.552,-0.932361283,0.524,-2.251538767,0.21,-2.634867407,0.161,-2.457989644,0.182,-1.756330919,0.296,-2.343732465,0.197,-1.76611194,0.294,-1.411195433,0.376,-1.821126042,0.283,-1.60823228,0.328,-1.883635243,0.271,-2.671163536,0.157,-1.888968688,0.27,-2.114035243,0.231,-1.666576266,0.315,-1.932361283,0.262,-1.671163536,0.314,-1.662003536,0.316,-1.634867407,0.322,-1.76121314,0.295,-1.708396442,0.306,-1.694321257,0.309
380,6.333333333,-2.046921047,0.242,-2.217591435,0.215,-2.61705613,0.163,-2.365871442,0.194,-2.035046947,0.244,-1.685013515,0.311,-1.810966176,0.285,-0.816037165,0.568,-0.859875776,0.551,-2.145605322,0.226,-2.60823228,0.164,-2.418889825,0.187,-1.732164608,0.301,-2.329159664,0.199,-1.74178261,0.299,-1.380821784,0.384,-1.805912948,0.286,-1.569179503,0.337,-1.878321443,0.272,-2.634867407,0.161,-1.867752202,0.274,-2.077041036,0.237,-1.64385619,0.32,-1.915935735,0.265,-1.64385619,0.32,-1.652901329,0.318,-1.603840511,0.329,-1.722610301,0.303,-1.675765438,0.313,-1.662003536,0.316
390,6.5,-2.011587974,0.248,-2.19759996,0.218,-2.582079992,0.167,-2.329159664,0.199,-2.011587974,0.248,-1.648371671,0.319,-1.780908942,0.291,-0.775959726,0.584,-0.839079812,0.559,-2.089267338,0.235,-2.590744853,0.166,-2.411195433,0.188,-1.727379545,0.302,-2.314732593,0.201,-1.727379545,0.302,-1.358453971,0.39,-1.775959726,0.292,-1.543719518,0.343,-1.836501268,0.28,-2.582079992,0.167,-1.862496476,0.275,-2.058893689,0.24,-1.639354798,0.321,-1.894321922,0.269,-1.63039393,0.323,-1.63039393,0.323,-1.586405918,0.333,-1.698997744,0.308,-1.652901329,0.318,-1.648371671,0.319
400,6.666666667,-1.971430848,0.255,-2.177881725,0.221,-2.53951953,0.172,-2.300448367,0.203,-1.98279071,0.253,-1.61705613,0.326,-1.756330919,0.296,-0.732164608,0.602,-0.81857936,0.567,-2.089267338,0.235,-2.573466862,0.168,-2.411195433,0.188,-1.713118852,0.305,-2.293358943,0.204,-1.713118852,0.305,-1.336427665,0.396,-1.74178261,0.299,-1.522840789,0.348,-1.805912948,0.286,-2.564904848,0.169,-1.841662973,0.279,-2.023269779,0.246,-1.625934282,0.324,-1.873027144,0.273,-1.61705613,0.326,-1.60823228,0.328,-1.577766999,0.335,-1.698997744,0.308,-1.652901329,0.318,-1.621488377,0.325
410,6.833333333,-1.926865295,0.263,-2.152003093,0.225,-2.490050854,0.178,-2.272297327,0.207,-1.948975997,0.259,-1.586405918,0.333,-1.717856771,0.304,-0.696657606,0.617,-0.785875195,0.58,-2.017417053,0.247,-2.53951953,0.172,-2.380821784,0.192,-1.689659879,0.31,-2.272297327,0.207,-1.694321257,0.309,-1.311148256,0.403,-1.717856771,0.304,-1.490050854,0.356,-1.780908942,0.291,-2.522840789,0.174,-1.831357964,0.281,-1.994240731,0.251,-1.60823228,0.328,-1.846843212,0.278,-1.595096878,0.331,-1.586405918,0.333,-1.556393349,0.34,-1.675765438,0.313,-1.63039393,0.323,-1.60823228,0.328
420,7,-1.878321443,0.272,-2.120294234,0.23,-2.442222329,0.184,-2.23786383,0.212,-1.910501849,0.266,-1.54793177,0.342,-1.680382066,0.312,-0.659722595,0.633,-0.744197163,0.597,-1.965784285,0.256,-2.506352666,0.176,-2.351074441,0.196,-1.671163536,0.314,-2.244685096,0.211,-1.671163536,0.314,-1.282789701,0.411,-1.675765438,0.313,-1.457989644,0.364,-1.74178261,0.299,-2.473931188,0.18,-1.810966176,0.285,-1.965784285,0.256,-1.590744853,0.332,-1.816037165,0.284,-1.573466862,0.336,-1.560642822,0.339,-1.53951953,0.344,-1.657445255,0.317,-1.60823228,0.328,-1.586405918,0.333
430,7.166666667,-1.831357964,0.281,-2.083141235,0.236,-2.40354186,0.189,-2.204233052,0.217,-1.873027144,0.273,-1.510457064,0.351,-1.639354798,0.321,-0.639354798,0.642,-0.708396442,0.612,-1.905088353,0.267,-2.473931188,0.18,-2.321928095,0.2,-1.648371671,0.319,-2.217591435,0.215,-1.648371671,0.319,-1.258425153,0.418,-1.657445255,0.317,-1.426625474,0.372,-1.713118852,0.305,-2.434402824,0.185,-1.800877358,0.287,-1.943416472,0.26,-1.573466862,0.336,-1.795859283,0.288,-1.560642822,0.339,-1.53951953,0.344,-1.518701058,0.349,-1.639354798,0.321,-1.595096878,0.331,-1.569179503,0.337
440,7.333333333,-1.775959726,0.292,-2.046921047,0.242,-2.343732465,0.197,-2.171368418,0.222,-1.831357964,0.281,-1.477944251,0.359,-1.59946207,0.33,-0.60823228,0.656,-0.689659879,0.62,-1.894321922,0.269,-2.434402824,0.185,-2.314732593,0.201,-1.63039393,0.323,-2.184424571,0.22,-1.621488377,0.325,-1.234465254,0.425,-1.634867407,0.322,-1.40354186,0.378,-1.703689439,0.307,-2.40354186,0.189,-1.775959726,0.292,-1.905088353,0.267,-1.560642822,0.339,-1.77102743,0.293,-1.543719518,0.343,-1.518701058,0.349,-1.502259911,0.353,-1.61705613,0.326,-1.586405918,0.333,-1.54793177,0.342
450,7.5,-1.732164608,0.301,-2.017417053,0.247,-2.307572802,0.202,-2.139235797,0.227,-1.800877358,0.287,-1.438307279,0.369,-1.564904848,0.338,-0.57132159,0.673,-0.648371671,0.638,-1.937878288,0.261,-2.40354186,0.189,-2.286304185,0.205,-1.60823228,0.328,-2.171368418,0.222,-1.603840511,0.329,-1.20756107,0.433,-1.59946207,0.33,-1.384583703,0.383,-1.662003536,0.316,-2.40354186,0.189,-1.76611194,0.294,-1.878321443,0.272,-1.53951953,0.344,-1.76121314,0.295,-1.531156057,0.346,-1.506352666,0.352,-1.486004021,0.357,-1.612637459,0.327,-1.573466862,0.336,-1.526992432,0.347
460,7.666666667,-1.666576266,0.315,-1.98279071,0.253,-2.244685096,0.211,-2.089267338,0.235,-1.756330919,0.296,-1.395928676,0.38,-1.526992432,0.347,-0.562772261,0.677,-0.621488377,0.65,-1.857259828,0.276,-2.358453971,0.195,-2.244685096,0.211,-1.586405918,0.333,-2.139235797,0.227,-1.573466862,0.336,-1.181149439,0.441,-1.564904848,0.338,-1.354759487,0.391,-1.634867407,0.322,-2.343732465,0.197,-1.751465164,0.297,-1.857259828,0.276,-1.522840789,0.348,-1.736965594,0.3,-1.506352666,0.352,-1.481968507,0.358,-1.469929258,0.361,-1.590744853,0.332,-1.54793177,0.342,-1.510457064,0.351
470,7.833333333,-1.595096878,0.331,-1.937878288,0.261,-2.177881725,0.221,-2.029146346,0.245,-1.703689439,0.307,-1.351074441,0.392,-1.481968507,0.358,-0.524915117,0.695,-0.595096878,0.662,-1.888968688,0.27,-2.314732593,0.201,-2.204233052,0.217,-1.560642822,0.339,-2.089267338,0.235,-1.543719518,0.343,-1.161653263,0.447,-1.522840789,0.348,-1.332789088,0.397,-1.595096878,0.331,-2.300448367,0.203,-1.732164608,0.301,-1.826232932,0.282,-1.506352666,0.352,-1.703689439,0.307,-1.490050854,0.356,-1.457989644,0.364,-1.457989644,0.364,-1.582079992,0.334,-1.53951953,0.344,-1.486004021,0.357
480,8,-1.514573173,0.35,-1.894321922,0.269,-2.114035243,0.231,-1.971430848,0.255,-1.662003536,0.316,-1.314732593,0.402,-1.438307279,0.369,-0.524915117,0.695,-0.562772261,0.677,-1.775959726,0.292,-2.265344567,0.208,-2.158429363,0.224,-1.535331733,0.345,-2.052894948,0.241,-1.514573173,0.35,-1.12973393,0.457,-1.49410907,0.355,-1.300448367,0.406,-1.556393349,0.34,-2.244685096,0.211,-1.713118852,0.305,-1.800877358,0.287,-1.486004021,0.357,-1.680382066,0.312,-1.465938398,0.362,-1.438307279,0.369,-1.434402824,0.37,-1.552156356,0.341,-1.506352666,0.352,-1.469929258,0.361
490,8.166666667,-1.454031631,0.365,-1.852042119,0.277,-2.046921047,0.242,-1.921390165,0.264,-1.60823228,0.328,-1.275786313,0.413,-1.395928676,0.38,-0.492078535,0.711,-0.53951953,0.688,-1.708396442,0.306,-2.210896782,0.216,-2.10159814,0.233,-1.506352666,0.352,-2.017417053,0.247,-1.481968507,0.358,-1.104697379,0.465,-1.454031631,0.365,-1.275786313,0.413,-1.518701058,0.349,-2.190997225,0.219,-1.694321257,0.309,-1.76611194,0.294,-1.461958547,0.363,-1.652901329,0.318,-1.442222329,0.368,-1.415037499,0.375,-1.415037499,0.375,-1.531156057,0.346,-1.477944251,0.359,-1.450084446,0.366
500,8.333333333,-1.399730246,0.379,-1.805912948,0.286,-1.977099598,0.254,-1.862496476,0.275,-1.560642822,0.339,-1.23786383,0.424,-1.351074441,0.392,-0.479954976,0.717,-0.518701058,0.698,-1.639354798,0.321,-2.164884385,0.223,-2.058893689,0.24,-1.477944251,0.359,-1.988504361,0.252,-1.450084446,0.366,-1.077041036,0.474,-1.426625474,0.372,-1.251538767,0.42,-1.49410907,0.355,-2.139235797,0.227,-1.675765438,0.313,-1.74178261,0.299,-1.446148032,0.367,-1.625934282,0.324,-1.426625474,0.372,-1.395928676,0.38,-1.395928676,0.38,-1.506352666,0.352,-1.454031631,0.365,-1.430508908,0.371
510,8.5,-1.340075442,0.395,-1.76121314,0.295,-1.910501849,0.266,-1.805912948,0.286,-1.514573173,0.35,-1.19759996,0.436,-1.311148256,0.403,-0.461958547,0.726,-0.508403406,0.703,-1.569179503,0.337,-2.10780329,0.232,-2.023269779,0.246,-1.450084446,0.366,-1.943416472,0.26,-1.415037499,0.375,-1.049904906,0.483,-1.392137097,0.381,-1.227692025,0.427,-1.454031631,0.365,-2.064917477,0.239,-1.657445255,0.317,-1.717856771,0.304,-1.426625474,0.372,-1.59946207,0.33,-1.40354186,0.378,-1.373327247,0.386,-1.373327247,0.386,-1.477944251,0.359,-1.430508908,0.371,-1.411195433,0.376
520,8.666666667,-1.307572802,0.404,-1.713118852,0.305,-1.841662973,0.279,-1.746615764,0.298,-1.465938398,0.362,-1.158429363,0.448,-1.272297327,0.414,-0.440263476,0.737,-0.502259911,0.706,-1.560642822,0.339,-2.052894948,0.241,-1.977099598,0.254,-1.415037499,0.375,-1.910501849,0.266,-1.388355457,0.382,-1.023269779,0.492,-1.358453971,0.39,-1.204233052,0.434,-1.415037499,0.375,-2.035046947,0.244,-1.634867407,0.322,-1.689659879,0.31,-1.407363571,0.377,-1.582079992,0.334,-1.388355457,0.382,-1.354759487,0.391,-1.354759487,0.391,-1.465938398,0.362,-1.418889825,0.374,-1.380821784,0.384
530,8.833333333,-1.220950447,0.429,-1.662003536,0.316,-1.76611194,0.294,-1.685013515,0.311,-1.415037499,0.375,-1.120294234,0.46,-1.224317298,0.428,-0.424687669,0.745,-0.477944251,0.718,-1.481968507,0.358,-1.988504361,0.252,-1.921390165,0.264,-1.384583703,0.383,-1.857259828,0.276,-1.351074441,0.392,-1,0.5,-1.311148256,0.403,-1.181149439,0.441,-1.377069649,0.385,-1.948975997,0.259,-1.61705613,0.326,-1.662003536,0.316,-1.388355457,0.382,-1.54793177,0.342,-1.369594529,0.387,-1.329159664,0.398,-1.332789088,0.397,-1.434402824,0.37,-1.392137097,0.381,-1.36215794,0.389
540,9,-1.174621396,0.443,-1.61705613,0.326,-1.698997744,0.308,-1.625934282,0.324,-1.369594529,0.387,-1.080087911,0.473,-1.184424571,0.44,-0.407363571,0.754,-0.465938398,0.724,-1.415037499,0.375,-1.932361283,0.262,-1.867752202,0.274,-1.351074441,0.392,-1.810966176,0.285,-1.314732593,0.402,-0.971430848,0.51,-1.279283757,0.412,-1.15521265,0.449,-1.343732465,0.394,-1.883635243,0.271,-1.595096878,0.331,-1.634867407,0.322,-1.365871442,0.388,-1.522840789,0.348,-1.347398782,0.393,-1.307572802,0.404,-1.314732593,0.402,-1.407363571,0.377,-1.365871442,0.388,-1.336427665,0.396
550,9.166666667,-1.117161344,0.461,-1.577766999,0.335,-1.63039393,0.323,-1.569179503,0.337,-1.325539348,0.399,-1.043943348,0.485,-1.152003093,0.45,-0.384583703,0.766,-0.45600928,0.729,-1.354759487,0.391,-1.873027144,0.273,-1.816037165,0.284,-1.318325858,0.401,-1.76611194,0.294,-1.279283757,0.412,-0.946193556,0.519,-1.244685096,0.422,-1.13289427,0.456,-1.307572802,0.404,-1.810966176,0.285,-1.573466862,0.336,-1.612637459,0.327,-1.351074441,0.392,-1.498178735,0.354,-1.332789088,0.397,-1.289827252,0.409,-1.293358943,0.408,-1.380821784,0.384,-1.347398782,0.393,-1.321928095,0.4
560,9.333333333,-1.074000581,0.475,-1.535331733,0.345,-1.582079992,0.334,-1.522840789,0.348,-1.282789701,0.411,-1.005782353,0.498,-1.117161344,0.461,-0.390245038,0.763,-0.457989644,0.728,-1.347398782,0.393,-1.821126042,0.283,-1.775959726,0.292,-1.286304185,0.41,-1.732164608,0.301,-1.251538767,0.42,-0.918660373,0.529,-1.217591435,0.43,-1.10780329,0.464,-1.272297327,0.414,-1.785875195,0.29,-1.556393349,0.34,-1.590744853,0.332,-1.340075442,0.395,-1.490050854,0.356,-1.311148256,0.403,-1.279283757,0.412,-1.275786313,0.413,-1.365871442,0.388,-1.340075442,0.395,-1.300448367,0.406
570,9.5,-1.01449957,0.495,-1.486004021,0.357,-1.535331733,0.345,-1.465938398,0.362,-1.23786383,0.424,-0.974262439,0.509,-1.070966521,0.476,-0.371459681,0.773,-0.430508908,0.742,-1.321928095,0.4,-1.76611194,0.294,-1.727379545,0.302,-1.254977851,0.419,-1.689659879,0.31,-1.217591435,0.43,-0.894321922,0.538,-1.184424571,0.44,-1.083141235,0.472,-1.241270432,0.423,-1.74178261,0.299,-1.535331733,0.345,-1.569179503,0.337,-1.314732593,0.402,-1.469929258,0.361,-1.293358943,0.408,-1.258425153,0.418,-1.261880711,0.417,-1.347398782,0.393,-1.321928095,0.4,-1.279283757,0.412
580,9.666666667,-0.974262439,0.509,-1.442222329,0.368,-1.490050854,0.356,-1.418889825,0.374,-1.190997225,0.438,-0.946193556,0.519,-1.02620507,0.491,-0.367731785,0.775,-0.416962376,0.749,-1.241270432,0.423,-1.708396442,0.306,-1.666576266,0.315,-1.217591435,0.43,-1.64385619,0.32,-1.177881725,0.442,-0.862496476,0.55,-1.152003093,0.45,-1.052894948,0.482,-1.20756107,0.433,-1.694321257,0.309,-1.514573173,0.35,-1.53951953,0.344,-1.289827252,0.409,-1.450084446,0.366,-1.272297327,0.414,-1.23786383,0.424,-1.23786383,0.424,-1.321928095,0.4,-1.286304185,0.41,-1.258425153,0.418
590,9.833333333,-0.937878288,0.522,-1.392137097,0.381,-1.442222329,0.368,-1.365871442,0.388,-1.145605322,0.452,-0.915935735,0.53,-0.988504361,0.504,-0.356605547,0.781,-0.407363571,0.754,-1.184424571,0.44,-1.64385619,0.32,-1.60823228,0.328,-1.181149439,0.441,-1.595096878,0.331,-1.139235797,0.454,-0.833927324,0.561,-1.114035243,0.462,-1.023269779,0.492,-1.171368418,0.444,-1.625934282,0.324,-1.490050854,0.356,-1.518701058,0.349,-1.268816758,0.415,-1.422752464,0.373,-1.251538767,0.42,-1.217591435,0.43,-1.214240226,0.431,-1.2968993,0.407,-1.258425153,0.418,-1.23786383,0.424
600,10,-0.902389203,0.535,-1.347398782,0.393,-1.395928676,0.38,-1.318325858,0.401,-1.10159814,0.466,-0.891642822,0.539,-0.951763814,0.517,-0.3382504,0.791,-0.386468347,0.765,-1.12973393,0.457,-1.590744853,0.332,-1.552156356,0.341,-1.148800661,0.451,-1.54793177,0.342,-1.104697379,0.465,-0.808437349,0.571,-1.083141235,0.472,-0.997117491,0.501,-1.13289427,0.456,-1.552156356,0.341,-1.469929258,0.361,-1.49410907,0.355,-1.248107862,0.421,-1.40354186,0.378,-1.231074664,0.426,-1.190997225,0.438,-1.190997225,0.438,-1.272297327,0.414,-1.234465254,0.425,-1.217591435,0.43
610,10.16666667,-0.859875776,0.551,-1.300448367,0.406,-1.36215794,0.389,-1.272297327,0.414,-1.055891201,0.481,-0.867752202,0.548,-0.915935735,0.53,-0.334607229,0.793,-0.40545145,0.755,-1.074000581,0.475,-1.535331733,0.345,-1.498178735,0.354,-1.110915901,0.463,-1.502259911,0.353,-1.067938829,0.477,-0.778432211,0.583,-1.046921047,0.484,-0.971430848,0.51,-1.10159814,0.466,-1.506352666,0.352,-1.454031631,0.365,-1.473931188,0.36,-1.231074664,0.426,-1.380821784,0.384,-1.214240226,0.431,-1.174621396,0.443,-1.174621396,0.443,-1.248107862,0.421,-1.214240226,0.431,-1.194294815,0.437
620,10.33333333,-0.833927324,0.561,-1.254977851,0.419,-1.329159664,0.398,-1.231074664,0.426,-1.020340448,0.493,-0.849440323,0.555,-0.886299501,0.541,-0.320125852,0.801,-0.352915787,0.783,-1.020340448,0.493,-1.481968507,0.358,-1.438307279,0.369,-1.077041036,0.474,-1.446148032,0.367,-1.03209363,0.489,-0.744197163,0.597,-1.017417053,0.494,-0.940644722,0.521,-1.064917477,0.478,-1.446148032,0.367,-1.430508908,0.371,-1.446148032,0.367,-1.20756107,0.433,-1.36215794,0.389,-1.187707155,0.439,-1.152003093,0.45,-1.152003093,0.45,-1.220950447,0.429,-1.187707155,0.439,-1.168122759,0.445
630,10.5,-0.790858602,0.578,-1.20756107,0.433,-1.2968993,0.407,-1.187707155,0.439,-0.98279071,0.506,-0.826232932,0.564,-0.852042119,0.554,-0.312939312,0.805,-0.332789088,0.794,-0.968604804,0.511,-1.426625474,0.372,-1.384583703,0.383,-1.040971781,0.486,-1.399730246,0.379,-0.997117491,0.501,-0.720231578,0.607,-0.985644707,0.505,-0.913216234,0.531,-1.03209363,0.489,-1.388355457,0.382,-1.411195433,0.376,-1.426625474,0.372,-1.184424571,0.44,-1.336427665,0.396,-1.168122759,0.445,-1.13289427,0.456,-1.13289427,0.456,-1.19759996,0.436,-1.161653263,0.447,-1.148800661,0.451
640,10.66666667,-0.75389599,0.593,-1.164884385,0.446,-1.275786313,0.413,-1.148800661,0.451,-0.948975997,0.518,-0.805912948,0.572,-0.823677227,0.565,-0.286304185,0.82,-0.311148256,0.806,-0.918660373,0.529,-1.380821784,0.384,-1.336427665,0.396,-1.005782353,0.498,-1.343732465,0.394,-0.957355663,0.515,-0.691988685,0.619,-0.954557029,0.516,-0.883635243,0.542,-1,0.5,-1.329159664,0.398,-1.388355457,0.382,-1.407363571,0.377,-1.164884385,0.446,-1.318325858,0.401,-1.148800661,0.451,-1.114035243,0.462,-1.114035243,0.462,-1.171368418,0.444,-1.13606155,0.455,-1.126580497,0.458
650,10.83333333,-0.722610301,0.606,-1.117161344,0.461,-1.251538767,0.42,-1.123433941,0.459,-0.921390165,0.528,-0.788364747,0.579,-0.795859283,0.576,-0.298672743,0.813,-0.314732593,0.804,-0.875671865,0.545,-1.336427665,0.396,-1.286304185,0.41,-0.974262439,0.509,-1.300448367,0.406,-0.926865295,0.526,-0.668868078,0.629,-0.924125133,0.527,-0.854648614,0.553,-0.968604804,0.511,-1.279283757,0.412,-1.369594529,0.387,-1.388355457,0.382,-1.145605322,0.452,-1.2968993,0.407,-1.126580497,0.458,-1.095419565,0.468,-1.095419565,0.468,-1.148800661,0.451,-1.114035243,0.462,-1.10780329,0.464
660,11,-0.696657606,0.617,-1.080087911,0.473,-1.227692025,0.427,-1.095419565,0.468,-0.894321922,0.538,-0.763660461,0.589,-0.77102743,0.586,-0.284545873,0.821,-0.329159664,0.796,-0.854648614,0.553,-1.289827252,0.409,-1.244685096,0.422,-0.943416472,0.52,-1.251538767,0.42,-0.894321922,0.538,-0.648371671,0.638,-0.894321922,0.538,-0.826232932,0.564,-0.935117148,0.523,-1.234465254,0.425,-1.354759487,0.391,-1.365871442,0.388,-1.12973393,0.457,-1.279283757,0.412,-1.114035243,0.462,-1.077041036,0.474,-1.080087911,0.473,-1.13289427,0.456,-1.092340172,0.469,-1.089267338,0.47
670,11.16666667,-0.668868078,0.629,-1.046921047,0.484,-1.20756107,0.433,-1.067938829,0.477,-0.870387262,0.547,-0.751465164,0.594,-0.74178261,0.598,-0.2968993,0.814,-0.334607229,0.793,-0.844250767,0.557,-1.244685096,0.422,-1.204233052,0.434,-0.910501849,0.532,-1.204233052,0.434,-0.862496476,0.55,-0.621488377,0.65,-0.867752202,0.548,-0.798366139,0.575,-0.905088353,0.534,-1.187707155,0.439,-1.332789088,0.397,-1.347398782,0.393,-1.114035243,0.462,-1.261880711,0.417,-1.098505545,0.467,-1.061902439,0.479,-1.067938829,0.477,-1.110915901,0.463,-1.077041036,0.474,-1.067938829,0.477
680,11.33333333,-0.628162383,0.647,-1.005782353,0.498,-1.200912694,0.435,-1.049904906,0.483,-0.852042119,0.554,-0.744197163,0.597,-0.710755715,0.611,-0.300448367,0.812,-0.332789088,0.794,-0.816037165,0.568,-1.200912694,0.435,-1.158429363,0.448,-0.875671865,0.545,-1.158429363,0.448,-0.828793173,0.563,-0.603840511,0.658,-0.836501268,0.56,-0.768567592,0.587,-0.873027144,0.546,-1.145605322,0.452,-1.314732593,0.402,-1.325539348,0.399,-1.095419565,0.468,-1.244685096,0.422,-1.080087911,0.473,-1.043943348,0.485,-1.046921047,0.484,-1.092340172,0.469,-1.055891201,0.481,-1.049904906,0.483
690,11.5,-0.606034724,0.657,-0.979942348,0.507,-1.174621396,0.443,-1.017417053,0.494,-0.833927324,0.561,-0.713118852,0.61,-0.687334826,0.621,-0.30222618,0.811,-0.332789088,0.794,-0.810966176,0.57,-1.161653263,0.447,-1.117161344,0.461,-0.846843212,0.556,-1.114035243,0.462,-0.793356776,0.577,-0.584241333,0.667,-0.805912948,0.572,-0.74178261,0.598,-0.841662973,0.558,-1.10780329,0.464,-1.2968993,0.407,-1.304006187,0.405,-1.070966521,0.476,-1.224317298,0.428,-1.061902439,0.479,-1.02620507,0.491,-1.035046947,0.488,-1.074000581,0.475,-1.040971781,0.486,-1.03209363,0.489
700,11.66666667,-0.579921884,0.669,-0.946193556,0.519,-1.15521265,0.449,-0.988504361,0.504,-0.816037165,0.568,-0.691988685,0.619,-0.668868078,0.629,-0.305788392,0.809,-0.354759487,0.782,-0.763660461,0.589,-1.120294234,0.46,-1.074000581,0.475,-0.813499442,0.569,-1.064917477,0.478,-0.76121314,0.59,-0.55851652,0.679,-0.77349147,0.585,-0.710755715,0.611,-0.805912948,0.572,-1.061902439,0.479,-1.275786313,0.413,-1.286304185,0.41,-1.049904906,0.483,-1.200912694,0.435,-1.038006323,0.487,-1.005782353,0.498,-1.011587974,0.496,-1.049904906,0.483,-1.008682243,0.497,-1.008682243,0.497
710,11.83333333,-0.569179503,0.674,-0.905088353,0.534,-1.13289427,0.456,-0.954557029,0.516,-0.810966176,0.57,-0.698997744,0.616,-0.648371671,0.638,-0.305788392,0.809,-0.327348371,0.797,-0.751465164,0.594,-1.077041036,0.474,-1.040971781,0.486,-0.788364747,0.579,-1.02620507,0.491,-0.732164608,0.602,-0.537424112,0.689,-0.751465164,0.594,-0.685013515,0.622,-0.778432211,0.583,-1.023269779,0.492,-1.254977851,0.419,-1.268816758,0.415,-1.029146346,0.49,-1.190997225,0.438,-1.023269779,0.492,-0.988504361,0.504,-0.997117491,0.501,-1.035046947,0.488,-0.997117491,0.501,-0.988504361,0.504
720,12,-0.531156057,0.692,-0.873027144,0.546,-1.10780329,0.464,-0.926865295,0.526,-0.790858602,0.578,-0.687334826,0.621,-0.628162383,0.647,-0.307572802,0.808,-0.3382504,0.791,-0.746615764,0.596,-1.043943348,0.485,-1.002888279,0.499,-0.758769964,0.591,-0.988504361,0.504,-0.703689439,0.614,-0.518701058,0.698,-0.724992953,0.605,-0.657445255,0.634,-0.749038426,0.595,-0.988504361,0.504,-1.241270432,0.423,-1.244685096,0.422,-1.011587974,0.496,-1.174621396,0.443,-1.008682243,0.497,-0.965784285,0.512,-0.979942348,0.507,-1.017417053,0.494,-0.971430848,0.51,-0.971430848,0.51
730,12.16666667,-0.506352666,0.704,-0.841662973,0.558,-1.080087911,0.473,-0.894321922,0.538,-0.768567592,0.587,-0.678071905,0.625,-0.606034724,0.657,-0.311148256,0.806,-0.3382504,0.791,-0.724992953,0.605,-1.01449957,0.495,-0.968604804,0.511,-0.732164608,0.602,-0.946193556,0.519,-0.675765438,0.626,-0.498178735,0.708,-0.694321257,0.618,-0.63039393,0.646,-0.720231578,0.607,-0.943416472,0.52,-1.220950447,0.429,-1.217591435,0.43,-0.988504361,0.504,-1.15521265,0.449,-0.991369695,0.503,-0.946193556,0.519,-0.962969269,0.513,-0.997117491,0.501,-0.937878288,0.522,-0.946193556,0.519
740,12.33333333,-0.488026018,0.713,-0.808437349,0.571,-1.049904906,0.483,-0.870387262,0.547,-0.763660461,0.589,-0.666576266,0.63,-0.592919225,0.663,-0.30222618,0.811,-0.347398782,0.786,-0.675765438,0.626,-0.985644707,0.505,-0.929610672,0.525,-0.703689439,0.614,-0.910501849,0.532,-0.646112164,0.639,-0.477944251,0.718,-0.668868078,0.629,-0.603840511,0.658,-0.691988685,0.619,-0.894321922,0.538,-1.200912694,0.435,-1.200912694,0.435,-0.965784285,0.512,-1.139235797,0.454,-0.968604804,0.511,-0.926865295,0.526,-0.935117148,0.523,-0.974262439,0.509,-0.902389203,0.535,-0.926865295,0.526
750,12.5,-0.459972731,0.727,-0.785875195,0.58,-1.020340448,0.493,-0.849440323,0.555,-0.758769964,0.591,-0.657445255,0.634,-0.577766999,0.67,-0.309359421,0.807,-0.336427665,0.792,-0.632628934,0.645,-0.960159735,0.514,-0.902389203,0.535,-0.680382066,0.624,-0.880975897,0.543,-0.61705613,0.652,-0.45600928,0.729,-0.64385619,0.64,-0.577766999,0.67,-0.666576266,0.63,-0.862496476,0.55,-1.187707155,0.439,-1.177881725,0.442,-0.943416472,0.52,-1.123433941,0.459,-0.946193556,0.519,-0.905088353,0.534,-0.913216234,0.531,-0.951763814,0.517,-0.870387262,0.547,-0.902389203,0.535
760,12.66666667,-0.45600928,0.729,-0.758769964,0.591,-0.98279071,0.506,-0.808437349,0.571,-0.734563104,0.601,-0.63039393,0.646,-0.556393349,0.68,-0.316528107,0.803,-0.36215794,0.778,-0.655171503,0.635,-0.926865295,0.526,-0.875671865,0.545,-0.659722595,0.633,-0.844250767,0.557,-0.592919225,0.663,-0.440263476,0.737,-0.61705613,0.652,-0.556393349,0.68,-0.639354798,0.642,-0.813499442,0.569,-1.177881725,0.442,-1.15521265,0.449,-0.924125133,0.527,-1.10159814,0.466,-0.935117148,0.523,-0.894321922,0.538,-0.894321922,0.538,-0.940644722,0.521,-0.859875776,0.551,-0.878321443,0.544
770,12.83333333,-0.428565884,0.743,-0.74178261,0.598,-0.962969269,0.513,-0.800877358,0.574,-0.698997744,0.616,-0.623709617,0.649,-0.545824107,0.685,-0.311148256,0.806,-0.351074441,0.784,-0.619270551,0.651,-0.905088353,0.534,-0.846843212,0.556,-0.637109357,0.643,-0.816037165,0.568,-0.564904848,0.676,-0.420819852,0.747,-0.595096878,0.662,-0.531156057,0.692,-0.614845103,0.653,-0.795859283,0.576,-1.164884385,0.446,-1.13606155,0.455,-0.899695094,0.536,-1.098505545,0.467,-0.913216234,0.531,-0.875671865,0.545,-0.865121946,0.549,-0.913216234,0.531,-0.828793173,0.563,-0.859875776,0.551
780,13,-0.413115187,0.751,-0.724992953,0.605,-0.926865295,0.526,-0.77349147,0.585,-0.694321257,0.618,-0.592919225,0.663,-0.529072743,0.693,-0.314732593,0.804,-0.364013496,0.777,-0.597277823,0.661,-0.875671865,0.545,-0.81857936,0.567,-0.612637459,0.654,-0.788364747,0.579,-0.541617996,0.687,-0.411195433,0.752,-0.573466862,0.672,-0.508403406,0.703,-0.592919225,0.663,-0.751465164,0.594,-1.15521265,0.449,-1.123433941,0.459,-0.886299501,0.541,-1.086201035,0.471,-0.891642822,0.539,-0.857259828,0.552,-0.844250767,0.557,-0.897006007,0.537,-0.810966176,0.57,-0.852042119,0.554
790,13.16666667,-0.388355457,0.764,-0.708396442,0.612,-0.886299501,0.541,-0.76121314,0.59,-0.659722595,0.633,-0.57132159,0.673,-0.510457064,0.702,-0.318325858,0.802,-0.375197235,0.771,-0.586405918,0.666,-0.849440323,0.555,-0.790858602,0.578,-0.595096878,0.662,-0.75389599,0.593,-0.518701058,0.698,-0.394031641,0.761,-0.556393349,0.68,-0.486004021,0.714,-0.567040593,0.675,-0.722610301,0.606,-1.139235797,0.454,-1.095419565,0.468,-0.857259828,0.552,-1.067938829,0.477,-0.873027144,0.546,-0.836501268,0.56,-0.81857936,0.567,-0.870387262,0.547,-0.785875195,0.58,-0.81857936,0.567
800,13.33333333,-0.373327247,0.772,-0.685013515,0.622,-0.844250767,0.557,-0.729770093,0.603,-0.650634722,0.637,-0.567040593,0.675,-0.502259911,0.706,-0.320125852,0.801,-0.36215794,0.778,-0.564904848,0.676,-0.821126042,0.566,-0.76611194,0.588,-0.57132159,0.673,-0.727379545,0.604,-0.496142467,0.709,-0.380821784,0.768,-0.53951953,0.688,-0.465938398,0.724,-0.545824107,0.685,-0.696657606,0.617,-1.12973393,0.457,-1.074000581,0.475,-0.833927324,0.561,-1.043943348,0.485,-0.849440323,0.555,-0.816037165,0.568,-0.795859283,0.576,-0.849440323,0.555,-0.768567592,0.587,-0.795859283,0.576
810,13.5,-0.36215794,0.778,-0.668868078,0.629,-0.805912948,0.572,-0.715485867,0.609,-0.610433188,0.655,-0.562772261,0.677,-0.490050854,0.712,-0.332789088,0.794,-0.356605547,0.781,-0.531156057,0.692,-0.795859283,0.576,-0.746615764,0.596,-0.552156356,0.682,-0.701341684,0.615,-0.475936324,0.719,-0.364013496,0.777,-0.524915117,0.695,-0.446148032,0.734,-0.524915117,0.695,-0.678071905,0.625,-1.120294234,0.46,-1.052894948,0.482,-0.813499442,0.569,-1.03209363,0.489,-0.828793173,0.563,-0.793356776,0.577,-0.77349147,0.585,-0.831357964,0.562,-0.74178261,0.598,-0.775959726,0.584
820,13.66666667,-0.351074441,0.784,-0.659722595,0.633,-0.763660461,0.589,-0.675765438,0.626,-0.586405918,0.666,-0.520769439,0.697,-0.483984853,0.715,-0.318325858,0.802,-0.356605547,0.781,-0.514573173,0.7,-0.775959726,0.584,-0.722610301,0.606,-0.537424112,0.689,-0.673462652,0.627,-0.457989644,0.728,-0.351074441,0.784,-0.502259911,0.706,-0.424687669,0.745,-0.49410907,0.71,-0.646112164,0.639,-1.110915901,0.463,-1.035046947,0.488,-0.788364747,0.579,-1.023269779,0.492,-0.808437349,0.571,-0.778432211,0.583,-0.756330919,0.592,-0.813499442,0.569,-0.727379545,0.604,-0.75389599,0.593
830,13.83333333,-0.336427665,0.792,-0.639354798,0.642,-0.727379545,0.604,-0.652901329,0.636,-0.560642822,0.678,-0.483984853,0.715,-0.481968507,0.716,-0.327348371,0.797,-0.373327247,0.772,-0.498178735,0.708,-0.751465164,0.594,-0.696657606,0.617,-0.512513651,0.701,-0.648371671,0.638,-0.440263476,0.737,-0.336427665,0.792,-0.481968507,0.716,-0.407363571,0.754,-0.475936324,0.719,-0.61705613,0.652,-1.098505545,0.467,-1.008682243,0.497,-0.768567592,0.587,-1.011587974,0.496,-0.788364747,0.579,-0.76121314,0.59,-0.739372092,0.599,-0.793356776,0.577,-0.713118852,0.61,-0.74178261,0.598
840,14,-0.314732593,0.804,-0.621488377,0.65,-0.691988685,0.619,-0.64385619,0.64,-0.535331733,0.69,-0.483984853,0.715,-0.471928835,0.721,-0.318325858,0.802,-0.394031641,0.761,-0.475936324,0.719,-0.729770093,0.603,-0.673462652,0.627,-0.49410907,0.71,-0.619270551,0.651,-0.420819852,0.747,-0.321928095,0.8,-0.467932448,0.723,-0.392137097,0.762,-0.457989644,0.728,-0.595096878,0.662,-1.080087911,0.473,-0.98279071,0.506,-0.75389599,0.593,-0.994240731,0.502,-0.768567592,0.587,-0.74178261,0.598,-0.713118852,0.61,-0.768567592,0.587,-0.678071905,0.625,-0.722610301,0.606
850,14.16666667,-0.298672743,0.813,-0.59946207,0.66,-0.657445255,0.634,-0.639354798,0.642,-0.518701058,0.698,-0.477944251,0.718,-0.469929258,0.722,-0.321928095,0.8,-0.395928676,0.76,-0.492078535,0.711,-0.708396442,0.612,-0.657445255,0.634,-0.477944251,0.718,-0.597277823,0.661,-0.40354186,0.756,-0.311148256,0.806,-0.45600928,0.729,-0.377069649,0.77,-0.440263476,0.737,-0.579921884,0.669,-1.067938829,0.477,-0.957355663,0.515,-0.736965594,0.6,-0.985644707,0.505,-0.751465164,0.594,-0.729770093,0.603,-0.698997744,0.616,-0.751465164,0.594,-0.668868078,0.629,-0.710755715,0.611
860,14.33333333,-0.293358943,0.816,-0.586405918,0.666,-0.634867407,0.644,-0.625934282,0.648,-0.504304837,0.705,-0.471928835,0.721,-0.465938398,0.724,-0.321928095,0.8,-0.392137097,0.762,-0.473931188,0.72,-0.685013515,0.622,-0.639354798,0.642,-0.4639471,0.725,-0.575615328,0.671,-0.388355457,0.764,-0.300448367,0.812,-0.442222329,0.736,-0.36215794,0.778,-0.424687669,0.745,-0.560642822,0.678,-1.061902439,0.479,-0.937878288,0.522,-0.720231578,0.607,-0.971430848,0.51,-0.732164608,0.602,-0.717856771,0.608,-0.682695932,0.623,-0.732164608,0.602,-0.64385619,0.64,-0.691988685,0.619
870,14.5,-0.286304185,0.82,-0.567040593,0.675,-0.60164963,0.659,-0.628162383,0.647,-0.488026018,0.713,-0.4639471,0.725,-0.459972731,0.727,-0.321928095,0.8,-0.401634795,0.757,-0.4639471,0.725,-0.668868078,0.629,-0.625934282,0.648,-0.450084446,0.732,-0.556393349,0.68,-0.373327247,0.772,-0.289827252,0.818,-0.426625474,0.744,-0.349235441,0.785,-0.40927823,0.753,-0.545824107,0.685,-1.049904906,0.483,-0.910501849,0.532,-0.703689439,0.614,-0.962969269,0.513,-0.713118852,0.61,-0.701341684,0.615,-0.666576266,0.63,-0.717856771,0.608,-0.628162383,0.647,-0.673462652,0.627
880,14.66666667,-0.275786313,0.826,-0.54793177,0.684,-0.579921884,0.669,-0.625934282,0.648,-0.479954976,0.717,-0.45600928,0.729,-0.450084446,0.732,-0.320125852,0.801,-0.401634795,0.757,-0.452056689,0.731,-0.655171503,0.635,-0.59946207,0.66,-0.434402824,0.74,-0.531156057,0.692,-0.360304767,0.779,-0.281035664,0.823,-0.411195433,0.752,-0.336427665,0.792,-0.399730246,0.758,-0.531156057,0.692,-1.040971781,0.486,-0.891642822,0.539,-0.682695932,0.623,-0.954557029,0.516,-0.694321257,0.618,-0.687334826,0.621,-0.648371671,0.638,-0.696657606,0.617,-0.60823228,0.656,-0.648371671,0.638
890,14.83333333,-0.268816758,0.83,-0.537424112,0.689,-0.556393349,0.68,-0.621488377,0.65,-0.457989644,0.728,-0.446148032,0.734,-0.442222329,0.736,-0.318325858,0.802,-0.40354186,0.756,-0.426625474,0.744,-0.637109357,0.643,-0.584241333,0.667,-0.420819852,0.747,-0.512513651,0.701,-0.343732465,0.788,-0.267079618,0.831,-0.394031641,0.761,-0.325539348,0.798,-0.380821784,0.768,-0.506352666,0.704,-1.029146346,0.49,-0.870387262,0.547,-0.659722595,0.633,-0.940644722,0.521,-0.673462652,0.627,-0.668868078,0.629,-0.628162383,0.647,-0.673462652,0.627,-0.588573754,0.665,-0.632628934,0.645
900,15,-0.251538767,0.84,-0.520769439,0.697,-0.53951953,0.688,-0.586405918,0.666,-0.440263476,0.737,-0.430508908,0.742,-0.430508908,0.742,-0.312939312,0.805,-0.401634795,0.757,-0.407363571,0.754,-0.612637459,0.654,-0.564904848,0.676,-0.407363571,0.754,-0.488026018,0.713,-0.329159664,0.796,-0.253257284,0.839,-0.380821784,0.768,-0.307572802,0.808,-0.36215794,0.778,-0.479954976,0.717,-1.017417053,0.494,-0.852042119,0.554,-0.641603738,0.641,-0.926865295,0.526,-0.655171503,0.635,-0.648371671,0.638,-0.610433188,0.655,-0.655171503,0.635,-0.569179503,0.674,-0.61705613,0.652
910,15.16666667,-0.244685096,0.844,-0.504304837,0.705,-0.524915117,0.695,-0.55851652,0.679,-0.428565884,0.743,-0.424687669,0.745,-0.418889825,0.748,-0.318325858,0.802,-0.399730246,0.758,-0.382701517,0.767,-0.597277823,0.661,-0.545824107,0.685,-0.395928676,0.76,-0.467932448,0.723,-0.311148256,0.806,-0.242976753,0.845,-0.365871442,0.776,-0.295128036,0.815,-0.343732465,0.788,-0.461958547,0.726,-1.005782353,0.498,-0.831357964,0.562,-0.623709617,0.649,-0.913216234,0.531,-0.634867407,0.644,-0.63039393,0.646,-0.590744853,0.664,-0.63039393,0.646,-0.552156356,0.682,-0.59946207,0.66
920,15.33333333,-0.236163541,0.849,-0.49410907,0.71,-0.510457064,0.702,-0.518701058,0.698,-0.420819852,0.747,-0.40927823,0.753,-0.411195433,0.752,-0.323732592,0.799,-0.40354186,0.756,-0.369594529,0.774,-0.579921884,0.669,-0.520769439,0.697,-0.378944497,0.769,-0.45600928,0.729,-0.30222618,0.811,-0.232768963,0.851,-0.354759487,0.782,-0.279283757,0.824,-0.329159664,0.796,-0.446148032,0.734,-1,0.5,-0.813499442,0.569,-0.603840511,0.658,-0.899695094,0.536,-0.612637459,0.654,-0.610433188,0.655,-0.573466862,0.672,-0.610433188,0.655,-0.526992432,0.694,-0.582079992,0.668
930,15.5,-0.227692025,0.854,-0.492078535,0.711,-0.502259911,0.706,-0.496142467,0.709,-0.426625474,0.744,-0.399730246,0.758,-0.397828209,0.759,-0.320125852,0.801,-0.394031641,0.761,-0.358453971,0.78,-0.55851652,0.679,-0.504304837,0.705,-0.360304767,0.779,-0.436353731,0.739,-0.284545873,0.821,-0.222632891,0.857,-0.340075442,0.79,-0.267079618,0.831,-0.316528107,0.803,-0.422752464,0.746,-1,0.5,-0.800877358,0.574,-0.586405918,0.666,-0.886299501,0.541,-0.595096878,0.662,-0.590744853,0.664,-0.556393349,0.68,-0.595096878,0.662,-0.514573173,0.7,-0.55851652,0.679
940,15.66666667,-0.220950447,0.858,-0.473931188,0.72,-0.481968507,0.716,-0.49410907,0.71,-0.415037499,0.75,-0.395928676,0.76,-0.392137097,0.762,-0.320125852,0.801,-0.424687669,0.745,-0.373327247,0.772,-0.54793177,0.684,-0.490050854,0.712,-0.356605547,0.781,-0.420819852,0.747,-0.274040765,0.827,-0.214240226,0.862,-0.329159664,0.796,-0.260151897,0.835,-0.30222618,0.811,-0.415037499,0.75,-0.985644707,0.505,-0.775959726,0.584,-0.57132159,0.673,-0.880975897,0.543,-0.584241333,0.667,-0.579921884,0.669,-0.541617996,0.687,-0.567040593,0.675,-0.506352666,0.704,-0.545824107,0.685
950,15.83333333,-0.214240226,0.862,-0.450084446,0.732,-0.475936324,0.719,-0.469929258,0.722,-0.40927823,0.753,-0.388355457,0.764,-0.378944497,0.769,-0.325539348,0.798,-0.430508908,0.742,-0.382701517,0.767,-0.533242384,0.691,-0.475936324,0.719,-0.345564459,0.787,-0.40927823,0.753,-0.263611599,0.833,-0.209227962,0.865,-0.318325858,0.802,-0.248107862,0.842,-0.2968993,0.814,-0.40545145,0.755,-0.979942348,0.507,-0.756330919,0.592,-0.552156356,0.682,-0.875671865,0.545,-0.55851652,0.679,-0.569179503,0.674,-0.522840789,0.696,-0.552156356,0.682,-0.496142467,0.709,-0.529072743,0.693
960,16,-0.209227962,0.865,-0.444183845,0.735,-0.459972731,0.727,-0.479954976,0.717,-0.40545145,0.755,-0.378944497,0.769,-0.367731785,0.775,-0.327348371,0.797,-0.420819852,0.747,-0.354759487,0.782,-0.516635639,0.699,-0.457989644,0.728,-0.330973234,0.795,-0.394031641,0.761,-0.258425153,0.836,-0.195946441,0.873,-0.309359421,0.807,-0.236163541,0.849,-0.279283757,0.824,-0.392137097,0.762,-0.971430848,0.51,-0.734563104,0.601,-0.533242384,0.691,-0.862496476,0.55,-0.545824107,0.685,-0.556393349,0.68,-0.506352666,0.704,-0.531156057,0.692,-0.483984853,0.715,-0.512513651,0.701
970,16.16666667,-0.204233052,0.868,-0.411195433,0.752,-0.444183845,0.735,-0.459972731,0.727,-0.40927823,0.753,-0.369594529,0.774,-0.347398782,0.786,-0.329159664,0.796,-0.434402824,0.74,-0.356605547,0.781,-0.498178735,0.708,-0.442222329,0.736,-0.312939312,0.805,-0.380821784,0.768,-0.242976753,0.845,-0.18606493,0.879,-0.293358943,0.816,-0.220950447,0.858,-0.263611599,0.833,-0.380821784,0.768,-0.954557029,0.516,-0.713118852,0.61,-0.518701058,0.698,-0.844250767,0.557,-0.516635639,0.699,-0.535331733,0.69,-0.475936324,0.719,-0.514573173,0.7,-0.467932448,0.723,-0.492078535,0.711
980,16.33333333,-0.184424571,0.88,-0.40545145,0.755,-0.430508908,0.742,-0.461958547,0.726,-0.397828209,0.759,-0.364013496,0.777,-0.341902795,0.789,-0.330973234,0.795,-0.444183845,0.735,-0.351074441,0.784,-0.486004021,0.714,-0.422752464,0.746,-0.30222618,0.811,-0.365871442,0.776,-0.232768963,0.851,-0.179514657,0.883,-0.284545873,0.821,-0.212567535,0.863,-0.254977851,0.838,-0.378944497,0.769,-0.940644722,0.521,-0.691988685,0.619,-0.504304837,0.705,-0.836501268,0.56,-0.50021788,0.707,-0.518701058,0.698,-0.465938398,0.724,-0.488026018,0.713,-0.454031631,0.73,-0.477944251,0.718
990,16.5,-0.190997225,0.876,-0.40545145,0.755,-0.422752464,0.746,-0.4639471,0.725,-0.386468347,0.765,-0.364013496,0.777,-0.3382504,0.791,-0.329159664,0.796,-0.436353731,0.739,-0.3382504,0.791,-0.473931188,0.72,-0.411195433,0.752,-0.295128036,0.815,-0.349235441,0.785,-0.227692025,0.854,-0.168122759,0.89,-0.270555993,0.829,-0.20756107,0.866,-0.242976753,0.845,-0.358453971,0.78,-0.943416472,0.52,-0.678071905,0.625,-0.479954976,0.717,-0.828793173,0.563,-0.498178735,0.708,-0.506352666,0.704,-0.452056689,0.731,-0.471928835,0.721,-0.446148032,0.734,-0.471928835,0.721
1000,16.66666667,-0.184424571,0.88,-0.392137097,0.762,-0.420819852,0.747,-0.446148032,0.734,-0.382701517,0.767,-0.358453971,0.78,-0.336427665,0.792,-0.329159664,0.796,-0.450084446,0.732,-0.345564459,0.787,-0.459972731,0.727,-0.399730246,0.758,-0.282789701,0.822,-0.340075442,0.79,-0.222632891,0.857,-0.16326792,0.893,-0.260151897,0.835,-0.19759996,0.872,-0.23786383,0.848,-0.341902795,0.789,-0.940644722,0.521,-0.659722595,0.633,-0.465938398,0.724,-0.826232932,0.564,-0.483984853,0.715,-0.502259911,0.706,-0.444183845,0.735,-0.457989644,0.728,-0.436353731,0.739,-0.457989644,0.728
1010,16.83333333,-0.17625064,0.885,-0.378944497,0.769,-0.411195433,0.752,-0.434402824,0.74,-0.377069649,0.77,-0.351074441,0.784,-0.330973234,0.795,-0.329159664,0.796,-0.452056689,0.731,-0.341902795,0.789,-0.450084446,0.732,-0.388355457,0.764,-0.272297327,0.828,-0.329159664,0.796,-0.214240226,0.862,-0.158429363,0.896,-0.249822294,0.841,-0.192645078,0.875,-0.226003675,0.855,-0.329159664,0.796,-0.937878288,0.522,-0.64385619,0.64,-0.454031631,0.73,-0.81857936,0.567,-0.465938398,0.724,-0.49410907,0.71,-0.428565884,0.743,-0.444183845,0.735,-0.430508908,0.742,-0.448114897,0.733
1020,17,-0.174621396,0.886,-0.364013496,0.777,-0.399730246,0.758,-0.422752464,0.746,-0.369594529,0.774,-0.347398782,0.786,-0.323732592,0.799,-0.329159664,0.796,-0.452056689,0.731,-0.332789088,0.794,-0.440263476,0.737,-0.377069649,0.77,-0.267079618,0.831,-0.318325858,0.802,-0.209227962,0.865,-0.153606979,0.899,-0.241270432,0.846,-0.18606493,0.879,-0.217591435,0.86,-0.311148256,0.806,-0.929610672,0.525,-0.623709617,0.649,-0.442222329,0.736,-0.816037165,0.568,-0.444183845,0.735,-0.486004021,0.714,-0.418889825,0.748,-0.430508908,0.742,-0.422752464,0.746,-0.436353731,0.739
1030,17.16666667,-0.169744676,0.889,-0.358453971,0.78,-0.392137097,0.762,-0.415037499,0.75,-0.360304767,0.779,-0.343732465,0.788,-0.316528107,0.803,-0.329159664,0.796,-0.442222329,0.736,-0.305788392,0.809,-0.432454552,0.741,-0.367731785,0.775,-0.253257284,0.839,-0.307572802,0.808,-0.200912694,0.87,-0.145605322,0.904,-0.229382353,0.853,-0.181149439,0.882,-0.209227962,0.865,-0.2968993,0.814,-0.918660373,0.529,-0.60823228,0.656,-0.428565884,0.743,-0.808437349,0.571,-0.428565884,0.743,-0.473931188,0.72,-0.401634795,0.757,-0.415037499,0.75,-0.413115187,0.751,-0.424687669,0.745
1040,17.33333333,-0.168122759,0.89,-0.356605547,0.781,-0.382701517,0.767,-0.40927823,0.753,-0.356605547,0.781,-0.341902795,0.789,-0.312939312,0.805,-0.330973234,0.795,-0.438307279,0.738,-0.2968993,0.814,-0.424687669,0.745,-0.358453971,0.78,-0.249822294,0.841,-0.298672743,0.813,-0.194294815,0.874,-0.140825544,0.907,-0.220950447,0.858,-0.17299399,0.887,-0.204233052,0.868,-0.284545873,0.821,-0.910501849,0.532,-0.595096878,0.662,-0.418889825,0.748,-0.803392956,0.573,-0.415037499,0.75,-0.457989644,0.728,-0.394031641,0.761,-0.399730246,0.758,-0.401634795,0.757,-0.415037499,0.75
1050,17.5,-0.160040413,0.895,-0.343732465,0.788,-0.378944497,0.769,-0.40354186,0.756,-0.351074441,0.784,-0.334607229,0.793,-0.311148256,0.806,-0.334607229,0.793,-0.45600928,0.729,-0.30222618,0.811,-0.415037499,0.75,-0.343732465,0.788,-0.241270432,0.846,-0.289827252,0.818,-0.18606493,0.879,-0.134477041,0.911,-0.212567535,0.863,-0.166502663,0.891,-0.19759996,0.872,-0.274040765,0.827,-0.902389203,0.535,-0.577766999,0.67,-0.40354186,0.756,-0.793356776,0.577,-0.399730246,0.758,-0.446148032,0.734,-0.380821784,0.768,-0.384583703,0.766,-0.392137097,0.762,-0.40545145,0.755
1060,17.66666667,-0.15521265,0.898,-0.340075442,0.79,-0.369594529,0.774,-0.395928676,0.76,-0.347398782,0.786,-0.325539348,0.798,-0.307572802,0.808,-0.334607229,0.793,-0.454031631,0.73,-0.289827252,0.818,-0.40545145,0.755,-0.334607229,0.793,-0.232768963,0.851,-0.279283757,0.824,-0.179514657,0.883,-0.131313235,0.913,-0.204233052,0.868,-0.158429363,0.896,-0.189351252,0.877,-0.260151897,0.835,-0.902389203,0.535,-0.564904848,0.676,-0.392137097,0.762,-0.790858602,0.578,-0.386468347,0.765,-0.434402824,0.74,-0.365871442,0.776,-0.365871442,0.776,-0.384583703,0.766,-0.394031641,0.761
1070,17.83333333,-0.142417045,0.906,-0.330973234,0.795,-0.358453971,0.78,-0.392137097,0.762,-0.343732465,0.788,-0.316528107,0.803,-0.30222618,0.811,-0.336427665,0.792,-0.452056689,0.731,-0.277533976,0.825,-0.401634795,0.757,-0.323732592,0.799,-0.226003675,0.855,-0.268816758,0.83,-0.174621396,0.886,-0.128156351,0.915,-0.194294815,0.874,-0.152003093,0.9,-0.182786076,0.881,-0.242976753,0.845,-0.899695094,0.536,-0.54793177,0.684,-0.382701517,0.767,-0.785875195,0.58,-0.373327247,0.772,-0.430508908,0.742,-0.358453971,0.78,-0.354759487,0.782,-0.382701517,0.767,-0.388355457,0.764
1080,18,-0.140825544,0.907,-0.329159664,0.796,-0.354759487,0.782,-0.386468347,0.765,-0.340075442,0.79,-0.311148256,0.806,-0.300448367,0.812,-0.3382504,0.791,-0.452056689,0.731,-0.268816758,0.83,-0.395928676,0.76,-0.320125852,0.801,-0.217591435,0.86,-0.260151897,0.835,-0.17299399,0.887,-0.121863233,0.919,-0.192645078,0.875,-0.144010303,0.905,-0.174621396,0.886,-0.236163541,0.849,-0.891642822,0.539,-0.541617996,0.687,-0.375197235,0.771,-0.783389931,0.581,-0.369594529,0.774,-0.426625474,0.744,-0.349235441,0.785,-0.345564459,0.787,-0.375197235,0.771,-0.384583703,0.766
1090,18.16666667,-0.1376478,0.909,-0.327348371,0.797,-0.351074441,0.784,-0.380821784,0.768,-0.336427665,0.792,-0.304006187,0.81,-0.2968993,0.814,-0.3382504,0.791,-0.448114897,0.733,-0.258425153,0.836,-0.390245038,0.763,-0.309359421,0.807,-0.20756107,0.866,-0.249822294,0.841,-0.164884385,0.892,-0.118726939,0.921,-0.184424571,0.88,-0.144010303,0.905,-0.16326792,0.893,-0.224317298,0.856,-0.883635243,0.542,-0.533242384,0.691,-0.367731785,0.775,-0.775959726,0.584,-0.356605547,0.781,-0.415037499,0.75,-0.341902795,0.789,-0.330973234,0.795,-0.367731785,0.775,-0.380821784,0.768
1100,18.33333333,-0.139235797,0.908,-0.320125852,0.801,-0.343732465,0.788,-0.377069649,0.77,-0.330973234,0.795,-0.298672743,0.813,-0.295128036,0.815,-0.3382504,0.791,-0.442222329,0.736,-0.244685096,0.844,-0.386468347,0.765,-0.300448367,0.812,-0.199255376,0.871,-0.239566125,0.847,-0.15682011,0.897,-0.114035243,0.924,-0.181149439,0.882,-0.13289427,0.912,-0.160040413,0.895,-0.219269964,0.859,-0.873027144,0.546,-0.514573173,0.7,-0.36215794,0.778,-0.76611194,0.588,-0.345564459,0.787,-0.40545145,0.755,-0.327348371,0.797,-0.314732593,0.804,-0.360304767,0.779,-0.373327247,0.772
1110,18.5,-0.13289427,0.912,-0.314732593,0.804,-0.340075442,0.79,-0.373327247,0.772,-0.329159664,0.796,-0.289827252,0.818,-0.291592017,0.817,-0.343732465,0.788,-0.4639471,0.725,-0.261880711,0.834,-0.373327247,0.772,-0.293358943,0.816,-0.192645078,0.875,-0.229382353,0.853,-0.153606979,0.899,-0.110915901,0.926,-0.17299399,0.887,-0.128156351,0.915,-0.152003093,0.9,-0.210896782,0.864,-0.867752202,0.548,-0.498178735,0.708,-0.349235441,0.785,-0.758769964,0.591,-0.340075442,0.79,-0.40354186,0.756,-0.323732592,0.799,-0.314732593,0.804,-0.358453971,0.78,-0.367731785,0.775
1120,18.66666667,-0.13289427,0.912,-0.311148256,0.806,-0.332789088,0.794,-0.369594529,0.774,-0.325539348,0.798,-0.284545873,0.821,-0.291592017,0.817,-0.347398782,0.786,-0.469929258,0.722,-0.272297327,0.828,-0.364013496,0.777,-0.284545873,0.821,-0.190997225,0.876,-0.219269964,0.859,-0.148800661,0.902,-0.10780329,0.928,-0.168122759,0.89,-0.126580497,0.916,-0.147202107,0.903,-0.200912694,0.87,-0.865121946,0.549,-0.490050854,0.712,-0.343732465,0.788,-0.756330919,0.592,-0.330973234,0.795,-0.394031641,0.761,-0.316528107,0.803,-0.305788392,0.809,-0.352915787,0.783,-0.360304767,0.779
1130,18.83333333,-0.153606979,0.899,-0.307572802,0.808,-0.334607229,0.793,-0.367731785,0.775,-0.321928095,0.8,-0.282789701,0.822,-0.289827252,0.818,-0.349235441,0.785,-0.467932448,0.723,-0.265344567,0.832,-0.356605547,0.781,-0.279283757,0.824,-0.18606493,0.879,-0.210896782,0.864,-0.148800661,0.902,-0.106249498,0.929,-0.158429363,0.896,-0.126580497,0.916,-0.140825544,0.907,-0.195946441,0.873,-0.859875776,0.551,-0.475936324,0.719,-0.336427665,0.792,-0.751465164,0.594,-0.325539348,0.798,-0.388355457,0.764,-0.309359421,0.807,-0.30222618,0.811,-0.345564459,0.787,-0.356605547,0.781
1140,19,-0.13606155,0.91,-0.305788392,0.809,-0.334607229,0.793,-0.369594529,0.774,-0.320125852,0.801,-0.279283757,0.824,-0.286304185,0.82,-0.349235441,0.785,-0.457989644,0.728,-0.246395464,0.843,-0.352915787,0.783,-0.272297327,0.828,-0.17625064,0.885,-0.204233052,0.868,-0.139235797,0.908,-0.103146927,0.931,-0.153606979,0.899,-0.123433941,0.918,-0.134477041,0.911,-0.18606493,0.879,-0.854648614,0.553,-0.4639471,0.725,-0.327348371,0.797,-0.744197163,0.597,-0.316528107,0.803,-0.380821784,0.768,-0.300448367,0.812,-0.291592017,0.817,-0.341902795,0.789,-0.356605547,0.781
1150,19.16666667,-0.145605322,0.904,-0.304006187,0.81,-0.3382504,0.791,-0.367731785,0.775,-0.314732593,0.804,-0.275786313,0.826,-0.284545873,0.821,-0.351074441,0.784,-0.457989644,0.728,-0.241270432,0.846,-0.345564459,0.787,-0.263611599,0.833,-0.174621396,0.886,-0.19759996,0.872,-0.139235797,0.908,-0.098505545,0.934,-0.147202107,0.903,-0.120294234,0.92,-0.131313235,0.913,-0.177881725,0.884,-0.846843212,0.556,-0.4639471,0.725,-0.321928095,0.8,-0.739372092,0.599,-0.307572802,0.808,-0.373327247,0.772,-0.289827252,0.818,-0.281035664,0.823,-0.330973234,0.795,-0.349235441,0.785
1160,19.33333333,-0.140825544,0.907,-0.30222618,0.811,-0.334607229,0.793,-0.36215794,0.778,-0.311148256,0.806,-0.270555993,0.829,-0.277533976,0.825,-0.351074441,0.784,-0.461958547,0.726,-0.239566125,0.847,-0.3382504,0.791,-0.260151897,0.835,-0.169744676,0.889,-0.189351252,0.877,-0.13606155,0.91,-0.09696173,0.935,-0.142417045,0.906,-0.114035243,0.924,-0.125006361,0.917,-0.171368418,0.888,-0.839079812,0.559,-0.4639471,0.725,-0.314732593,0.804,-0.732164608,0.602,-0.2968993,0.814,-0.364013496,0.777,-0.281035664,0.823,-0.270555993,0.829,-0.325539348,0.798,-0.343732465,0.788
1170,19.5,-0.125006361,0.917,-0.300448367,0.812,-0.329159664,0.796,-0.356605547,0.781,-0.311148256,0.806,-0.267079618,0.831,-0.277533976,0.825,-0.352915787,0.783,-0.459972731,0.727,-0.231074664,0.852,-0.332789088,0.794,-0.248107862,0.842,-0.166502663,0.891,-0.182786076,0.881,-0.13289427,0.912,-0.093879047,0.937,-0.139235797,0.908,-0.112474729,0.925,-0.120294234,0.92,-0.164884385,0.892,-0.833927324,0.561,-0.457989644,0.728,-0.311148256,0.806,-0.727379545,0.604,-0.289827252,0.818,-0.36215794,0.778,-0.282789701,0.822,-0.267079618,0.831,-0.314732593,0.804,-0.341902795,0.789
1180,19.66666667,-0.142417045,0.906,-0.295128036,0.815,-0.325539348,0.798,-0.352915787,0.783,-0.307572802,0.808,-0.267079618,0.831,-0.274040765,0.827,-0.356605547,0.781,-0.45600928,0.729,-0.226003675,0.855,-0.325539348,0.798,-0.241270432,0.846,-0.16326792,0.893,-0.171368418,0.888,-0.131313235,0.913,-0.090802937,0.939,-0.131313235,0.913,-0.10780329,0.928,-0.114035243,0.924,-0.15682011,0.897,-0.828793173,0.563,-0.426625474,0.744,-0.304006187,0.81,-0.722610301,0.606,-0.282789701,0.822,-0.352915787,0.783,-0.275786313,0.826,-0.256700472,0.837,-0.309359421,0.807,-0.3382504,0.791
1190,19.83333333,-0.134477041,0.911,-0.291592017,0.817,-0.329159664,0.796,-0.349235441,0.785,-0.304006187,0.81,-0.267079618,0.831,-0.274040765,0.827,-0.360304767,0.779,-0.45600928,0.729,-0.219269964,0.859,-0.323732592,0.799,-0.239566125,0.847,-0.160040413,0.895,-0.168122759,0.89,-0.126580497,0.916,-0.087733372,0.941,-0.13289427,0.912,-0.109358756,0.927,-0.109358756,0.927,-0.153606979,0.899,-0.823677227,0.565,-0.436353731,0.739,-0.2968993,0.814,-0.717856771,0.608,-0.279283757,0.824,-0.349235441,0.785,-0.268816758,0.83,-0.249822294,0.841,-0.304006187,0.81,-0.3382504,0.791
1200,20,-0.13606155,0.91,-0.291592017,0.817,-0.330973234,0.795,-0.343732465,0.788,-0.30222618,0.811,-0.263611599,0.833,-0.272297327,0.828,-0.360304767,0.779,-0.452056689,0.731,-0.20756107,0.866,-0.321928095,0.8,-0.232768963,0.851,-0.15682011,0.897,-0.16326792,0.893,-0.120294234,0.92,-0.084670324,0.943,-0.12973393,0.914,-0.106249498,0.929,-0.109358756,0.927,-0.150400989,0.901,-0.81857936,0.567,-0.436353731,0.739,-0.293358943,0.816,-0.713118852,0.61,-0.274040765,0.827,-0.345564459,0.787,-0.263611599,0.833,-0.246395464,0.843,-0.2968993,0.814,-0.3382504,0.791
1210,20.16666667,-0.128156351,0.915,-0.282789701,0.822,-0.321928095,0.8,-0.334607229,0.793,-0.293358943,0.816,-0.256700472,0.837,-0.265344567,0.832,-0.36215794,0.778,-0.471928835,0.721,-0.217591435,0.86,-0.312939312,0.805,-0.220950447,0.858,-0.153606979,0.899,-0.153606979,0.899,-0.118726939,0.921,-0.078563669,0.947,-0.118726939,0.921,-0.098505545,0.934,-0.103146927,0.931,-0.148800661,0.902,-0.805912948,0.572,-0.426625474,0.744,-0.291592017,0.817,-0.701341684,0.615,-0.265344567,0.832,-0.334607229,0.793,-0.261880711,0.834,-0.234465254,0.85,-0.291592017,0.817,-0.330973234,0.795
1220,20.33333333,-0.1376478,0.909,-0.288064643,0.819,-0.321928095,0.8,-0.332789088,0.794,-0.295128036,0.815,-0.256700472,0.837,-0.267079618,0.831,-0.367731785,0.775,-0.471928835,0.721,-0.217591435,0.86,-0.312939312,0.805,-0.220950447,0.858,-0.153606979,0.899,-0.150400989,0.901,-0.117161344,0.922,-0.081613766,0.945,-0.121863233,0.919,-0.100051014,0.933,-0.10159814,0.932,-0.144010303,0.905,-0.800877358,0.574,-0.413115187,0.751,-0.284545873,0.821,-0.701341684,0.615,-0.263611599,0.833,-0.332789088,0.794,-0.249822294,0.841,-0.239566125,0.847,-0.284545873,0.821,-0.325539348,0.798
1230,20.5,-0.139235797,0.908,-0.279283757,0.824,-0.318325858,0.802,-0.327348371,0.797,-0.293358943,0.816,-0.254977851,0.838,-0.265344567,0.832,-0.369594529,0.774,-0.465938398,0.724,-0.20756107,0.866,-0.309359421,0.807,-0.214240226,0.862,-0.147202107,0.903,-0.145605322,0.904,-0.112474729,0.925,-0.077041036,0.948,-0.115597447,0.923,-0.098505545,0.934,-0.095419565,0.936,-0.140825544,0.907,-0.795859283,0.576,-0.407363571,0.754,-0.282789701,0.822,-0.694321257,0.618,-0.260151897,0.835,-0.327348371,0.797,-0.248107862,0.842,-0.232768963,0.851,-0.282789701,0.822,-0.327348371,0.797
1240,20.66666667,-0.1376478,0.909,-0.279283757,0.824,-0.316528107,0.803,-0.323732592,0.799,-0.291592017,0.817,-0.254977851,0.838,-0.267079618,0.831,-0.371459681,0.773,-0.471928835,0.721,-0.226003675,0.855,-0.305788392,0.809,-0.209227962,0.865,-0.147202107,0.903,-0.142417045,0.906,-0.110915901,0.926,-0.078563669,0.947,-0.114035243,0.924,-0.095419565,0.936,-0.093879047,0.937,-0.1376478,0.909,-0.788364747,0.579,-0.399730246,0.758,-0.277533976,0.825,-0.689659879,0.62,-0.256700472,0.837,-0.318325858,0.802,-0.242976753,0.845,-0.224317298,0.856,-0.275786313,0.826,-0.321928095,0.8
1250,20.83333333,-0.144010303,0.905,-0.277533976,0.825,-0.314732593,0.804,-0.321928095,0.8,-0.286304185,0.82,-0.253257284,0.839,-0.263611599,0.833,-0.377069649,0.77,-0.473931188,0.72,-0.229382353,0.853,-0.30222618,0.811,-0.202571918,0.869,-0.145605322,0.904,-0.139235797,0.908,-0.110915901,0.926,-0.074000581,0.95,-0.112474729,0.925,-0.093879047,0.937,-0.095419565,0.936,-0.139235797,0.908,-0.783389931,0.581,-0.40354186,0.756,-0.277533976,0.825,-0.689659879,0.62,-0.253257284,0.839,-0.321928095,0.8,-0.246395464,0.843,-0.227692025,0.854,-0.277533976,0.825,-0.320125852,0.801
1260,21,-0.148800661,0.902,-0.270555993,0.829,-0.309359421,0.807,-0.314732593,0.804,-0.284545873,0.821,-0.251538767,0.84,-0.260151897,0.835,-0.380821784,0.768,-0.467932448,0.723,-0.215914857,0.861,-0.298672743,0.813,-0.199255376,0.871,-0.145605322,0.904,-0.139235797,0.908,-0.104697379,0.93,-0.074000581,0.95,-0.109358756,0.927,-0.087733372,0.941,-0.089267338,0.94,-0.131313235,0.913,-0.778432211,0.583,-0.394031641,0.761,-0.270555993,0.829,-0.680382066,0.624,-0.242976753,0.845,-0.312939312,0.805,-0.239566125,0.847,-0.215914857,0.861,-0.270555993,0.829,-0.314732593,0.804
1270,21.16666667,-0.150400989,0.901,-0.272297327,0.828,-0.311148256,0.806,-0.312939312,0.805,-0.284545873,0.821,-0.248107862,0.842,-0.258425153,0.836,-0.384583703,0.766,-0.4639471,0.725,-0.20756107,0.866,-0.291592017,0.817,-0.192645078,0.875,-0.139235797,0.908,-0.12973393,0.914,-0.103146927,0.931,-0.069451881,0.953,-0.104697379,0.93,-0.087733372,0.941,-0.087733372,0.941,-0.126580497,0.916,-0.77102743,0.586,-0.401634795,0.757,-0.270555993,0.829,-0.678071905,0.625,-0.242976753,0.845,-0.307572802,0.808,-0.236163541,0.849,-0.217591435,0.86,-0.265344567,0.832,-0.314732593,0.804
1280,21.33333333,-0.150400989,0.901,-0.267079618,0.831,-0.309359421,0.807,-0.311148256,0.806,-0.282789701,0.822,-0.248107862,0.842,-0.258425153,0.836,-0.384583703,0.766,-0.459972731,0.727,-0.204233052,0.868,-0.293358943,0.816,-0.189351252,0.877,-0.142417045,0.906,-0.12973393,0.914,-0.100051014,0.933,-0.066427362,0.955,-0.103146927,0.931,-0.086201035,0.942,-0.084670324,0.943,-0.120294234,0.92,-0.76611194,0.588,-0.390245038,0.763,-0.263611599,0.833,-0.671163536,0.628,-0.239566125,0.847,-0.304006187,0.81,-0.231074664,0.852,-0.210896782,0.864,-0.260151897,0.835,-0.316528107,0.803
1290,21.5,-0.147202107,0.903,-0.267079618,0.831,-0.307572802,0.808,-0.305788392,0.809,-0.282789701,0.822,-0.246395464,0.843,-0.256700472,0.837,-0.388355457,0.764,-0.457989644,0.728,-0.194294815,0.874,-0.286304185,0.82,-0.184424571,0.88,-0.13606155,0.91,-0.123433941,0.918,-0.09696173,0.935,-0.06340917,0.957,-0.098505545,0.934,-0.083141235,0.944,-0.081613766,0.945,-0.115597447,0.923,-0.76121314,0.59,-0.395928676,0.76,-0.263611599,0.833,-0.666576266,0.63,-0.236163541,0.849,-0.298672743,0.813,-0.222632891,0.857,-0.209227962,0.865,-0.254977851,0.838,-0.316528107,0.803
1300,21.66666667,-0.147202107,0.903,-0.265344567,0.832,-0.307572802,0.808,-0.305788392,0.809,-0.279283757,0.824,-0.246395464,0.843,-0.254977851,0.838,-0.392137097,0.762,-0.471928835,0.721,-0.212567535,0.863,-0.286304185,0.82,-0.182786076,0.881,-0.142417045,0.906,-0.121863233,0.919,-0.093879047,0.937,-0.061902439,0.958,-0.09696173,0.935,-0.081613766,0.945,-0.080087911,0.946,-0.118726939,0.921,-0.756330919,0.592,-0.386468347,0.765,-0.261880711,0.834,-0.662003536,0.632,-0.232768963,0.851,-0.2968993,0.814,-0.224317298,0.856,-0.205896101,0.867,-0.254977851,0.838,-0.314732593,0.804
1310,21.83333333,-0.152003093,0.9,-0.263611599,0.833,-0.30222618,0.811,-0.305788392,0.809,-0.277533976,0.825,-0.248107862,0.842,-0.254977851,0.838,-0.394031641,0.761,-0.467932448,0.723,-0.220950447,0.858,-0.288064643,0.819,-0.181149439,0.882,-0.13606155,0.91,-0.118726939,0.921,-0.093879047,0.937,-0.066427362,0.955,-0.095419565,0.936,-0.078563669,0.947,-0.081613766,0.945,-0.115597447,0.923,-0.749038426,0.595,-0.371459681,0.773,-0.258425153,0.836,-0.662003536,0.632,-0.236163541,0.849,-0.293358943,0.816,-0.222632891,0.857,-0.209227962,0.865,-0.249822294,0.841,-0.312939312,0.805
1320,22,-0.15521265,0.898,-0.263611599,0.833,-0.300448367,0.812,-0.30222618,0.811,-0.275786313,0.826,-0.246395464,0.843,-0.254977851,0.838,-0.395928676,0.76,-0.465938398,0.724,-0.224317298,0.856,-0.282789701,0.822,-0.177881725,0.884,-0.13606155,0.91,-0.120294234,0.92,-0.089267338,0.94,-0.06039728,0.959,-0.093879047,0.937,-0.075520008,0.949,-0.078563669,0.947,-0.117161344,0.922,-0.746615764,0.596,-0.375197235,0.771,-0.260151897,0.835,-0.657445255,0.634,-0.232768963,0.851,-0.289827252,0.818,-0.220950447,0.858,-0.204233052,0.868,-0.249822294,0.841,-0.314732593,0.804
1330,22.16666667,-0.153606979,0.899,-0.260151897,0.835,-0.298672743,0.813,-0.30222618,0.811,-0.275786313,0.826,-0.244685096,0.844,-0.249822294,0.841,-0.399730246,0.758,-0.465938398,0.724,-0.226003675,0.855,-0.275786313,0.826,-0.174621396,0.886,-0.13606155,0.91,-0.114035243,0.924,-0.087733372,0.941,-0.057391664,0.961,-0.092340172,0.938,-0.072482754,0.951,-0.077041036,0.948,-0.118726939,0.921,-0.74178261,0.598,-0.371459681,0.773,-0.260151897,0.835,-0.655171503,0.635,-0.232768963,0.851,-0.289827252,0.818,-0.219269964,0.859,-0.204233052,0.868,-0.251538767,0.84,-0.316528107,0.803
1340,22.33333333,-0.158429363,0.896,-0.260151897,0.835,-0.2968993,0.814,-0.2968993,0.814,-0.274040765,0.827,-0.244685096,0.844,-0.249822294,0.841,-0.399730246,0.758,-0.461958547,0.726,-0.217591435,0.86,-0.274040765,0.827,-0.17299399,0.887,-0.13606155,0.91,-0.112474729,0.925,-0.081613766,0.945,-0.055891201,0.962,-0.090802937,0.939,-0.069451881,0.953,-0.072482754,0.951,-0.115597447,0.923,-0.734563104,0.601,-0.367731785,0.775,-0.258425153,0.836,-0.650634722,0.637,-0.227692025,0.854,-0.286304185,0.82,-0.220950447,0.858,-0.202571918,0.869,-0.248107862,0.842,-0.314732593,0.804
1350,22.5,-0.169744676,0.889,-0.260151897,0.835,-0.2968993,0.814,-0.298672743,0.813,-0.272297327,0.828,-0.244685096,0.844,-0.251538767,0.84,-0.401634795,0.757,-0.459972731,0.727,-0.226003675,0.855,-0.274040765,0.827,-0.169744676,0.889,-0.1376478,0.909,-0.110915901,0.926,-0.080087911,0.946,-0.054392297,0.963,-0.092340172,0.938,-0.067938829,0.954,-0.072482754,0.951,-0.114035243,0.924,-0.734563104,0.601,-0.373327247,0.772,-0.258425153,0.836,-0.648371671,0.638,-0.227692025,0.854,-0.282789701,0.822,-0.219269964,0.859,-0.205896101,0.867,-0.248107862,0.842,-0.316528107,0.803
1360,22.66666667,-0.164884385,0.892,-0.258425153,0.836,-0.295128036,0.815,-0.2968993,0.814,-0.270555993,0.829,-0.244685096,0.844,-0.251538767,0.84,-0.399730246,0.758,-0.457989644,0.728,-0.226003675,0.855,-0.268816758,0.83,-0.168122759,0.89,-0.13289427,0.912,-0.109358756,0.927,-0.075520008,0.949,-0.052894948,0.964,-0.089267338,0.94,-0.067938829,0.954,-0.072482754,0.951,-0.115597447,0.923,-0.729770093,0.603,-0.369594529,0.774,-0.258425153,0.836,-0.648371671,0.638,-0.229382353,0.853,-0.282789701,0.822,-0.215914857,0.861,-0.204233052,0.868,-0.246395464,0.843,-0.316528107,0.803
1370,22.83333333,-0.166502663,0.891,-0.256700472,0.837,-0.291592017,0.817,-0.2968993,0.814,-0.268816758,0.83,-0.244685096,0.844,-0.251538767,0.84,-0.40354186,0.756,-0.457989644,0.728,-0.222632891,0.857,-0.268816758,0.83,-0.166502663,0.891,-0.13289427,0.912,-0.103146927,0.931,-0.072482754,0.951,-0.049904906,0.966,-0.086201035,0.942,-0.066427362,0.955,-0.069451881,0.953,-0.115597447,0.923,-0.724992953,0.605,-0.367731785,0.775,-0.260151897,0.835,-0.64385619,0.64,-0.227692025,0.854,-0.281035664,0.823,-0.214240226,0.862,-0.204233052,0.868,-0.248107862,0.842,-0.314732593,0.804
1380,23,-0.171368418,0.888,-0.253257284,0.839,-0.288064643,0.819,-0.293358943,0.816,-0.268816758,0.83,-0.242976753,0.845,-0.248107862,0.842,-0.40545145,0.755,-0.459972731,0.727,-0.214240226,0.862,-0.263611599,0.833,-0.164884385,0.892,-0.12973393,0.914,-0.10159814,0.932,-0.072482754,0.951,-0.046921047,0.968,-0.083141235,0.944,-0.06340917,0.957,-0.067938829,0.954,-0.118726939,0.921,-0.717856771,0.608,-0.367731785,0.775,-0.261880711,0.834,-0.639354798,0.642,-0.226003675,0.855,-0.282789701,0.822,-0.212567535,0.863,-0.199255376,0.871,-0.248107862,0.842,-0.314732593,0.804
1390,23.16666667,-0.171368418,0.888,-0.251538767,0.84,-0.288064643,0.819,-0.293358943,0.816,-0.267079618,0.831,-0.241270432,0.846,-0.246395464,0.843,-0.40354186,0.756,-0.457989644,0.728,-0.217591435,0.86,-0.263611599,0.833,-0.16326792,0.893,-0.128156351,0.915,-0.103146927,0.931,-0.066427362,0.955,-0.043943348,0.97,-0.083141235,0.944,-0.066427362,0.955,-0.070966521,0.952,-0.120294234,0.92,-0.713118852,0.61,-0.365871442,0.776,-0.261880711,0.834,-0.632628934,0.645,-0.226003675,0.855,-0.279283757,0.824,-0.210896782,0.864,-0.204233052,0.868,-0.244685096,0.844,-0.312939312,0.805
1400,23.33333333,-0.181149439,0.882,-0.248107862,0.842,-0.284545873,0.821,-0.289827252,0.818,-0.267079618,0.831,-0.239566125,0.847,-0.246395464,0.843,-0.40354186,0.756,-0.45600928,0.729,-0.217591435,0.86,-0.258425153,0.836,-0.160040413,0.895,-0.123433941,0.918,-0.098505545,0.934,-0.064917477,0.956,-0.043943348,0.97,-0.078563669,0.947,-0.064917477,0.956,-0.067938829,0.954,-0.118726939,0.921,-0.706041021,0.613,-0.36215794,0.778,-0.265344567,0.832,-0.63039393,0.646,-0.227692025,0.854,-0.275786313,0.826,-0.212567535,0.863,-0.200912694,0.87,-0.246395464,0.843,-0.311148256,0.806
1410,23.5,-0.192645078,0.875,-0.246395464,0.843,-0.282789701,0.822,-0.289827252,0.818,-0.265344567,0.832,-0.23786383,0.848,-0.242976753,0.845,-0.399730246,0.758,-0.438307279,0.738,-0.19759996,0.872,-0.254977851,0.838,-0.15682011,0.897,-0.121863233,0.919,-0.095419565,0.936,-0.061902439,0.958,-0.040971781,0.972,-0.075520008,0.949,-0.061902439,0.958,-0.069451881,0.953,-0.109358756,0.927,-0.698997744,0.616,-0.356605547,0.781,-0.258425153,0.836,-0.623709617,0.649,-0.224317298,0.856,-0.272297327,0.828,-0.209227962,0.865,-0.19759996,0.872,-0.23786383,0.848,-0.304006187,0.81
1420,23.66666667,-0.202571918,0.869,-0.246395464,0.843,-0.279283757,0.824,-0.288064643,0.819,-0.265344567,0.832,-0.23786383,0.848,-0.242976753,0.845,-0.401634795,0.757,-0.434402824,0.74,-0.187707155,0.878,-0.251538767,0.84,-0.153606979,0.899,-0.121863233,0.919,-0.090802937,0.939,-0.061902439,0.958,-0.03948829,0.973,-0.072482754,0.951,-0.061902439,0.958,-0.06340917,0.957,-0.104697379,0.93,-0.691988685,0.619,-0.352915787,0.783,-0.258425153,0.836,-0.614845103,0.653,-0.222632891,0.857,-0.268816758,0.83,-0.209227962,0.865,-0.19759996,0.872,-0.232768963,0.851,-0.305788392,0.809
1430,23.83333333,-0.209227962,0.865,-0.241270432,0.846,-0.270555993,0.829,-0.284545873,0.821,-0.260151897,0.835,-0.231074664,0.852,-0.23786383,0.848,-0.399730246,0.758,-0.448114897,0.733,-0.195946441,0.873,-0.249822294,0.841,-0.147202107,0.903,-0.109358756,0.927,-0.089267338,0.94,-0.054392297,0.963,-0.036525876,0.975,-0.066427362,0.955,-0.058893689,0.96,-0.061902439,0.958,-0.104697379,0.93,-0.685013515,0.622,-0.345564459,0.787,-0.256700472,0.837,-0.606034724,0.657,-0.217591435,0.86,-0.261880711,0.834,-0.202571918,0.869,-0.194294815,0.874,-0.229382353,0.853,-0.2968993,0.814
1440,24,-0.220950447,0.858,-0.241270432,0.846,-0.274040765,0.827,-0.286304185,0.82,-0.261880711,0.834,-0.234465254,0.85,-0.239566125,0.847,-0.399730246,0.758,-0.444183845,0.735,-0.204233052,0.868,-0.244685096,0.844,-0.147202107,0.903,-0.117161344,0.922,-0.083141235,0.944,-0.048412205,0.967,-0.035046947,0.976,-0.066427362,0.955,-0.058893689,0.96,-0.064917477,0.956,-0.10159814,0.932,-0.678071905,0.625,-0.354759487,0.782,-0.254977851,0.838,-0.603840511,0.658,-0.219269964,0.859,-0.260151897,0.835,-0.204233052,0.868,-0.194294815,0.874,-0.227692025,0.854,-0.295128036,0.815